-- phpMyAdmin SQL Dump
-- version 5.1.1
-- https://www.phpmyadmin.net/
--
-- Máy chủ: 127.0.0.1
-- Thời gian đã tạo: Th12 26, 2021 lúc 11:38 AM
-- Phiên bản máy phục vụ: 10.4.21-MariaDB
-- Phiên bản PHP: 8.0.12

SET SQL_MODE = "NO_AUTO_VALUE_ON_ZERO";
START TRANSACTION;
SET time_zone = "+00:00";


/*!40101 SET @OLD_CHARACTER_SET_CLIENT=@@CHARACTER_SET_CLIENT */;
/*!40101 SET @OLD_CHARACTER_SET_RESULTS=@@CHARACTER_SET_RESULTS */;
/*!40101 SET @OLD_COLLATION_CONNECTION=@@COLLATION_CONNECTION */;
/*!40101 SET NAMES utf8mb4 */;

--
-- Cơ sở dữ liệu: `webtintuc`
--

-- --------------------------------------------------------

--
-- Cấu trúc bảng cho bảng `accounts`
--

CREATE TABLE `accounts` (
  `id` int(10) UNSIGNED NOT NULL,
  `username` varchar(30) NOT NULL,
  `email` varchar(45) NOT NULL,
  `fullname` varchar(50) NOT NULL,
  `password` varchar(100) NOT NULL,
  `phone` varchar(10) DEFAULT NULL,
  `gender` varchar(3) NOT NULL,
  `birthday` date NOT NULL,
  `role` varchar(30) NOT NULL,
  `created_at` datetime NOT NULL DEFAULT current_timestamp(),
  `updated_at` datetime NOT NULL,
  `status` varchar(10) NOT NULL DEFAULT 'PUBLIC'
) ENGINE=InnoDB DEFAULT CHARSET=utf8;

--
-- Đang đổ dữ liệu cho bảng `accounts`
--

INSERT INTO `accounts` (`id`, `username`, `email`, `fullname`, `password`, `phone`, `gender`, `birthday`, `role`, `created_at`, `updated_at`, `status`) VALUES
(8, 'Dai', 'dai05042000@gmail.com', 'Hồ Văn Đại', '147258369', '12322132', 'Nam', '2000-07-09', 'Admin', '2021-12-11 06:47:33', '0000-00-00 00:00:00', 'ACTIVE'),
(10, 'Kiều', 'kieu0210@gmail.com', '', '', '0456879412', '', '0000-00-00', '', '2021-12-11 16:32:02', '0000-00-00 00:00:00', 'PUBLIC'),
(11, 'Hoàng', 'hoanghunter@gmail.com', '', '', '0921458360', '', '0000-00-00', '', '2021-12-11 16:32:53', '0000-00-00 00:00:00', 'PUBLIC'),
(12, 'dungtb123', 'dungtb@gmail.com', '', '', '0912327978', 'Nam', '0000-00-00', 'Admin', '2021-12-13 16:15:27', '0000-00-00 00:00:00', 'ACTIVE'),
(13, 'Handz211', 'hanbede@gmail.com', 'Hán Vũ Hoàng Long', '123456', '0211345789', 'Nam', '2000-11-02', 'Member', '2021-12-13 18:18:15', '0000-00-00 00:00:00', 'ACTIVE'),
(14, 'tungvt123', 'tungchv@gmail.com', 'Nguyễn Sơn Tùng', '12322132', '0147645978', 'Nam', '2000-11-19', 'Member', '2021-12-14 21:56:37', '0000-00-00 00:00:00', 'ACTIVE'),
(15, 'Đạt', 'dattrang@gmail.com', 'Đỗ Thành Đạt', '0123456', '0645879123', 'Nam', '2000-04-02', 'Member', '2021-12-14 22:02:16', '0000-00-00 00:00:00', 'ACTIVE'),
(16, 'Soncom', 'soncom2k1@gmail.com', 'Phạm Cao Thái Sơn', '369258147', '0911252147', 'Nam', '2001-12-12', 'Member', '2021-12-20 09:11:44', '0000-00-00 00:00:00', 'ACTIVE'),
(18, 'Quy1987', 'quy1987@gmail.com', 'Phạm Văn Quý', '0147258369', '0564813794', 'Nam', '1987-05-05', 'Member', '2021-12-20 17:32:06', '0000-00-00 00:00:00', 'ACTIVE'),
(19, 'nxlong', 'longnguyenxuan2000@gamil.com', 'Nguyễn Xuân Long', '12345678', '0355781234', 'Nam', '2000-06-28', 'Admin', '2021-12-25 18:34:20', '0000-00-00 00:00:00', 'ACTIVE');

-- --------------------------------------------------------

--
-- Cấu trúc bảng cho bảng `advertisements`
--

CREATE TABLE `advertisements` (
  `id` int(10) UNSIGNED NOT NULL,
  `title` varchar(255) NOT NULL,
  `image` text NOT NULL,
  `link` varchar(100) NOT NULL,
  `created_at` datetime NOT NULL DEFAULT current_timestamp(),
  `updated_at` datetime DEFAULT NULL,
  `status` varchar(10) DEFAULT 'PUBLIC'
) ENGINE=InnoDB DEFAULT CHARSET=utf8;

--
-- Đang đổ dữ liệu cho bảng `advertisements`
--

INSERT INTO `advertisements` (`id`, `title`, `image`, `link`, `created_at`, `updated_at`, `status`) VALUES
(2, 'Dầu gội Thái Dương', 'https://i.imgur.com/BDo4Nyx.jpg', 'https://saothaiduong.com.vn/', '2021-12-15 22:48:59', NULL, 'ACTIVE'),
(3, ' Dạ hương ', 'https://cdn.chanhtuoi.com/uploads/2020/03/dung-dich-ve-sinh-phu-nu-da-huong-01.jpg', 'https://.humg.vn/', '2021-12-15 23:23:19', NULL, 'Activity'),
(4, 'Bột giặt OMO', 'https://cdn.tgdd.vn/Products/Images/2463/81583/bhx/bot-giat-omo-he-bot-thong-minh-6kg-202106221712071149.jpg', 'https://www.unilever.com.vn/brands/home-care/omo/', '2021-12-16 22:34:13', NULL, 'ACTIVE');

-- --------------------------------------------------------

--
-- Cấu trúc bảng cho bảng `categories`
--

CREATE TABLE `categories` (
  `id` int(10) UNSIGNED NOT NULL,
  `name` varchar(100) NOT NULL,
  `slug` varchar(100) NOT NULL,
  `created_at` datetime NOT NULL DEFAULT current_timestamp(),
  `updated_at` datetime DEFAULT NULL,
  `status` varchar(10) DEFAULT 'PUBLIC'
) ENGINE=InnoDB DEFAULT CHARSET=utf8;

--
-- Đang đổ dữ liệu cho bảng `categories`
--

INSERT INTO `categories` (`id`, `name`, `slug`, `created_at`, `updated_at`, `status`) VALUES
(1, 'Thể thao', 'Thethao', '2021-12-19 20:39:21', '2021-12-19 14:38:21', 'PUBLIC'),
(2, 'Khoa học', 'khoahoc', '2021-12-15 20:52:16', '2021-12-12 14:52:16', 'PUBLIC'),
(3, 'Xe ++', 'xe++', '2021-12-15 20:52:16', '2021-12-12 14:52:16', 'PUBLIC'),
(4, 'Thời trang', 'thoitrang', '2021-12-24 13:02:10', NULL, 'PUBLIC'),
(5, 'Xã hội', 'xahoi', '2021-12-24 13:02:10', NULL, 'PUBLIC'),
(6, 'Kinh doanh', 'kinhdoanh', '2021-12-24 13:02:10', NULL, 'PUBLIC'),
(7, 'Sức khỏe', 'suckhoe', '2021-12-24 13:02:10', NULL, 'PUBLIC'),
(8, 'Giáo dục', 'giaoduc', '2021-12-24 13:02:10', NULL, 'PUBLIC'),
(9, 'Văn hóa', 'vanhoa', '2021-12-24 13:02:10', NULL, 'PUBLIC');

-- --------------------------------------------------------

--
-- Cấu trúc bảng cho bảng `comments`
--

CREATE TABLE `comments` (
  `id` int(10) UNSIGNED NOT NULL,
  `content` text NOT NULL,
  `created_at` datetime NOT NULL DEFAULT current_timestamp(),
  `updated_at` datetime DEFAULT current_timestamp(),
  `status` varchar(10) NOT NULL DEFAULT 'PUBLIC',
  `post_id` int(10) UNSIGNED NOT NULL,
  `account_id` int(10) UNSIGNED NOT NULL
) ENGINE=InnoDB DEFAULT CHARSET=utf8;

--
-- Đang đổ dữ liệu cho bảng `comments`
--

INSERT INTO `comments` (`id`, `content`, `created_at`, `updated_at`, `status`, `post_id`, `account_id`) VALUES
(3, 'Bài hay', '2021-12-26 16:53:43', '2021-12-26 16:53:43', 'PUBLIC', 32, 8);

-- --------------------------------------------------------

--
-- Cấu trúc bảng cho bảng `posts`
--

CREATE TABLE `posts` (
  `id` int(10) UNSIGNED NOT NULL,
  `title` varchar(500) NOT NULL,
  `slug` varchar(500) NOT NULL,
  `image` text NOT NULL,
  `content` text NOT NULL,
  `created_at` datetime NOT NULL DEFAULT current_timestamp(),
  `updated_at` datetime DEFAULT NULL,
  `status` varchar(10) DEFAULT 'PUBLIC',
  `category_id` int(10) UNSIGNED NOT NULL,
  `accounts_id` int(10) UNSIGNED NOT NULL
) ENGINE=InnoDB DEFAULT CHARSET=utf8;

--
-- Đang đổ dữ liệu cho bảng `posts`
--

INSERT INTO `posts` (`id`, `title`, `slug`, `image`, `content`, `created_at`, `updated_at`, `status`, `category_id`, `accounts_id`) VALUES
(1, 'Những điều cần biết về thuốc chữa Covid-19 của Pfizer', 'nhung-dieu-can-biet-ve-thuoc-chua-covid19-cua-pfizer', 'https://icdn.dantri.com.vn/thumb_w/770/2021/12/25/paxlovid-1640399139244.png', '<b>Ngày 22/12, Cục Quản lý Thực phẩm và Dược phẩm Mỹ đã cấp phép cho Paxlovid, loại thuốc kháng virus kê đơn đầu tiên dạng viên nén để điều trị các trường hợp Covid-19 từ nhẹ đến trung bình.</b><br><br>Thuốc Paxlovid, do Pfizer sản xuất, cần được dùng \"càng sớm càng tốt\" sau khi có chẩn đoán mắc Covid-19 và trong vòng 5 ngày sau khi xuất hiện các triệu chứng.\r\n\r\n\"Giấy phép hôm nay giới thiệu phương pháp điều trị đầu tiên cho Covid-19 ở dạng viên uống - một bước tiến lớn trong cuộc chiến chống lại đại dịch toàn cầu này\", TS Patrizia Cavazzoni, Giám đốc Trung tâm Đánh giá và Nghiên cứu thuốc của FDA, phát biểu. \"Điều này mang đến một công cụ mới để chống lại Covid-19 vào thời điểm quan trọng trong đại dịch khi các biến thể mới xuất hiện và hứa hẹn sẽ giúp việc điều trị kháng virus dễ tiếp cận hơn đối với những bệnh nhân có nguy cơ cao tiến triển thành Covid-19 nặng\".<br><br>\r\n<b>Paxlovid có những thành phần gì?</b><br><br>Paxlovid không phải là thuốc phòng ngừa hoặc điều trị dự phòng. Nghĩa là không nên uống thuốc để đề phòng nhiễm Covid-19 hoặc sau khi tiếp xúc với người nhiễm. Cũng không nên coi thuốc là cách điều trị đầu tiên cho những người cần nhập viện do bị Covid-19 nặng.\r\n\r\nThay vào đó, thuốc được dùng cho những người có kết quả xét nghiệm dương tính với Covid-19 và được coi là có nguy cơ cao mắc các biến chứng nghiêm trọng của virus. Sau khi được sử dụng, thuốc sẽ giúp ngăn SARS-CoV-2 nhân lên trong cơ thể. TS William Schaffner, M.D., chuyên gia về bệnh truyền nhiễm tại Trường Y Đại học Vanderbilt, giải thích, khi virus không thể tái tạo, nó không thể khiến người nhiễm bị ốm hoặc chỉ gây ra các triệu chứng nhẹ hơn.\r\n<br>\r\nTrong thông cáo báo chí về việc cấp phép cho Paxlovid, FDA nhấn mạnh thuốc không thể thay thế cho việc tiêm vaccine và liều tăng cường.\r\n>br>\r\nThuốc điều trị Covid-19 được cung cấp theo liệu trình 30 viên, uống hai lần mỗi ngày, mỗi lần 3 viên trong 5 ngày.\r\n<br><br>\r\n<b>Paxlovid được dành cho những đối tượng nào?</b>\r\n<br><br>Danh sách chính xác chỉ có khi thuốc được Trung tâm Kiểm soát và Phòng ngừa Dịch bệnh (CDC) cho phép, nhưng FDA cho biết Paxlovid chỉ dành cho \"người lớn và bệnh nhi - 12 tuổi và lớn hơn nặng ít nhất 40kg - có kết quả xét nghiệm dương tính SARS-CoV-2 và những người có nguy cơ cao tiến triển thành Covid-19 nặng, bao gồm cả nhập viện hoặc tử vong.\r\n<br>\r\nKhi nào người dân có thể được tiếp cận với Paxlovid?\r\n<br>\r\nCó thể mất một thời gian, ít nhất là vài tháng nữa. Mặc dù vậy, nhìn chung, các bác sĩ bày tỏ sự vui mừng khi có một công cụ khác giúp chống lại Covid-19, đặc biệt là khi hai trong số ba phương pháp điều trị bằng kháng thể đơn dòng được thấy là không hiệu quả đối với biến thể Omicron.\r\n\r\n', '2021-12-25 17:27:08', NULL, 'PUBLIC', 7, 19),
(2, 'Bộ GD-ĐT: Không bắt buộc học sinh lớp 1,2 phải kiểm tra học kỳ tại trường', 'Ở những nơi học sinh không thể đến trường do dịch bệnh, các trường tổ chức kiểm tra đánh giá thường xuyên, định kỳ cho học sinh theo hình thức trực tuyến.', 'https://cdn.24h.com.vn/upload/4-2021/images/2021-12-15/Bo-GD-dT-hoc-truc-tuyen-2-1639563040-327-width660height431.jpeg', 'Thứ trưởng Bộ Giáo dục và Đào tạo Nguyễn Hữu Độ nói rõ thêm về nội dung của văn bản số 5766/BGDĐT-GDTT ban hành ngày 13/12/2021, nhằm hướng dẫn tổ chức dạy học, đánh giá học sinh tiểu học thực hiện Chương trình giáo dục phổ thông phù hợp với diễn tiến dịch bệnh COVID-19.Ở những địa phương mà học sinh không thể đến trường do dịch bệnh, các trường tổ chức kiểm tra đánh giá thường xuyên, định kỳ cho học sinh theo hình thức trực tuyến. Đối với những khu vực đã đáp ứng đầy đủ các yêu cầu phòng chống dịch, học sinh có thể đến trường học tập, thì các trường khẩn trương ôn tập và củng cố kiến thức cho học sinh và thực hiện kiểm tra đánh giá thường xuyên, định kỳ trực tiếp.<br><br>\r\nĐối với các em học sinh lớp 1, lớp 2 đang học qua truyền hình, quá trình học tập của các em thiếu sự tương tác, và nhà trường cùng các thầy cô chưa có đánh giá chính xác việc các em thu nhận được kiến thức tới đâu.<br><br>\r\nVì vậy, trong điều kiện cho phép, cần tạo điều kiện tối đa để học sinh được tới trường củng cố kiến thức và được hướng dẫn thực hiện bài kiểm tra định kỳ trực tiếp.\r\n\r\nVới lớp 3, 4, 5, học sinh cơ bản đã có ý thức và kỹ năng học tập, kỹ năng làm bài định kỳ theo đặc trưng của từng môn học trong quá trình học từ các năm trước.\r\n\r\nQuan điểm của Bộ Giáo dục và Đào tạo là tùy điều kiện thực tế ở các địa phương, các sở, phòng giáo dục chỉ đạo các trường hướng dẫn việc kiểm tra, đánh giá định kỳ bằng hình thức trực tiếp hay trực tuyến. Đồng thời, các địa phương có thể linh hoạt điều chỉnh thời gian thực hiện kiểm tra phù hợp với kế hoạch năm học này, kế hoạch năm học mới và tình hình dịch bệnh tại địa bàn.', '2021-12-25 11:40:35', NULL, 'PUBLIC', 8, 19),
(3, 'HLV Park Hang Seo sẽ chơi tất tay như thế nào trước Thái Lan?', 'HlVParkHangSeosechoitattaynhuthenaotruocThaiLan', 'https://icdn.dantri.com.vn/thumb_w/770/2021/12/25/hlvparkhangseodocx-1640414185974.jpeg', '<b>Thua Thái Lan 0-2 ở trận bán kết lượt đi AFF Cup 2020, đội tuyển Việt Nam không còn lựa chọn nào khác phải chơi tấn công ở trận lượt về trên sân vận động quốc gia Singapore (19h30 ngày 26/12).</b><br><br>\r\nNhưng đoàn quân của HLV Park Hang Seo sẽ tấn công như nào cho hiệu quả mà vẫn phải đảm bảo sự chắc chắn của hàng phòng ngự?\r\n<br>\r\nNói đội tuyển Việt Nam đang ở thế chân tường cũng đúng, bởi khoảng cách 2 bàn dù không phải là quá lớn, nhưng lại vô cùng khó để san bằng bởi đối thủ là một Thái Lan đầy bản lĩnh, kinh nghiệm và rất mạnh ở AFF Cup 2020.<br><br>\r\nDĩ nhiên HLV Park Hang Seo và các cộng sự phải tính đến nhiều phương án tấn công. Đội tuyển Việt Nam không tấn công để tìm kiếm bàn thắng, chẳng khác nào xác định trở thành nhà cựu vô địch từ khi bóng còn chưa lăn ở trận bán kết lượt về.Nhưng không phải bây giờ ông Park mới tính đến chuyện tấn công Thái Lan. Ở trận lượt đi, trong khoảng thời gian đầu trận đấu, chiến lược gia người Hàn Quốc đã yêu cầu các học trò dâng cao gây sức ép, thậm chí còn muốn đánh phủ đầu Thái Lan.\r\nNhưng rốt cuộc cách chơi đó của đội tuyển Việt Nam đã phải trả giá đắt. Thái Lan không phải là Lào hay Campuchia, vì thế các phương án tấn công của đội bóng áo đỏ ngay lập tức bị hóa giải, chặn đứng.<br><br>\r\nNhững sai lầm về chiến thuật, con người của đội tuyển Việt Nam đã được nhiều người chỉ ra ngay sau trận bán kết lượt đi với Thái Lan. HLV Park Hang Seo chắc chắn sẽ phải có sự điều chỉnh để bước vào trận lượt về với tâm lý không còn gì để mất.\r\n<br>\r\nNhưng làm mới hàng công đội tuyển Việt Nam thế nào lại đang là bài toán nan giải với ông thầy người Hàn Quốc. Ở trận lượt đi, ngoài Quang Hải và Hoàng Đức là chơi tốt, còn lại hầu hết đều không thể hiện được gì nhiều, thậm chí còn để lại nỗi thất vọng lớn như Tiến Linh, Phan Văn Đức, Đức Chinh…\r\n<br>\r\nHLV Park Hang Seo muốn chơi một trận tất tay, nhưng có lẽ cũng phải trông chờ nhiều vào may mắn. Bên cạnh đó, ông Park hy vọng ở thế không còn gì để mất, các cầu thủ Việt Nam có thể chơi hết khả năng để tạo nên một thế trận tấn công đủ sức ép khiến hàng thủ Thái Lan mắc sai lầm.\r\n<br>\r\nDĩ nhiên, tập trung sức mạnh hàng công nhưng mặt trận phòng ngự của đội tuyển Việt Nam cũng không được phép lơ là. Đặc biệt trận đấu này Duy Mạnh vắng mặt vì chấn thương vai, Đình Trọng nghỉ thi đấu vì lý do tương tự, trong khi khả năng ra sân của Bùi Tiến Dũng vẫn bỏ ngỏ.', '2021-12-25 17:40:24', NULL, 'PUBLIC', 1, 19),
(4, 'Phong cách \"thời trang meme\" đang dần thống trị Internet?', 'phongcachthoitrangmemedangdanthongtriinternet', 'https://cdn.24h.com.vn/upload/4-2021/images/2021-12-23/Phong-cach-meme-dang-dan-thong-tri-internet-0-1640251251-370-width980height978.jpg', '<b>Gặp gỡ những khoảnh khắc thời trang nổi tiếng với phong cách meme trên Internet, từ phong cách trên sàn diễn thời trang đến những món đồ thiết yếu trên Instagram.</b>br><br>\r\nMargiela Tabi- đôi giày hai mũi Tabi của nhà mốt Margiela lấy cảm hứng từ dép Nhật Bản là một trong những kiểu giày có thể trở thành phong cách meme chỉ vì thiết kế của chúng. Các bức ảnh xuất hiện khắp nơi trên Internet về các chủ sở hữu Tabi đăng ảnh họ cầm ly rượu vang bằng ngón chân và bộ sưu tập giày đáng thèm muốn của họ. Với các trang trên Instagram và TikTok ở khắp mọi nơi, những đôi bốt đình đám này đã hợp tác với Dover Street Market và Reebok, những đôi giày lệch mũi có thể được phát hiện trên bất kỳ trang web meme thời trang nào và những người đam mê thời trang.<br><br>', '2021-12-25 18:23:43', NULL, 'PUBLIC', 4, 19),
(5, 'Những thực phẩm mang lại lợi ích tối đa cho sức khỏe của xương', 'Ngoài các sản phẩm từ sữa, các loại rau lá xanh có hàm lượng vitamin K, khoai lang, chuối, cam, cà chua,... cũng rất tốt cho sức khỏe của xương.', 'https://cdn.24h.com.vn/upload/4-2021/images/2021-12-21//1640061939-thuc-pham-tot-cho-mat_ffhz-width1024height768.jpg', '<b>Ăn kiêng và giúp xương chắc khỏe</b><br><br>Theo Times Now, có nhiều ý kiến cho rằng ăn thực phẩm giàu canxi, chủ yếu là các sản phẩm từ sữa là một trong những cách tốt nhất để tăng cường sự lão hóa và ngăn ngừa sự suy yếu của xương. \r\nTheo một nghiên cứu mới được công bố trên The Journal of Nutrition, một nhóm thực phẩm cụ thể được cho là giúp xương chắc khỏe hơn - đó là rau củ. <br><br>\r\nĐối với nghiên cứu, 102 người trưởng thành tiêu thụ ít hơn một khẩu phần rau mỗi ngày, được đánh giá trong khoảng thời gian 8 tuần. Những người tham gia được chia thành hai nhóm - một nhóm được bổ sung 270 gram rau mỗi ngày và nhóm còn lại vẫn giữ chế độ cũ. Sau khi đánh giá lượng chất dinh dưỡng, các chuyên gia nhận thấy sức khỏe xương tốt hơn ở nhóm ăn rau.<br><br>\r\n<b>Loại rau nào mang lại lợi ích tối đa cho sức khỏe của xương?</b><br><br>\r\nTheo Tổ chức Sức khỏe xương & Bệnh loãng xương (BHOF), rau củ chứa rất nhiều chất dinh dưỡng có lợi cho sức khỏe tổng thể, đồng thời giúp xương chắc khỏe hơn trong quá trình này. \r\nCác loại thực phẩm tốt nhất bạn cần để xương chắc khỏe, bao gồm các loại rau lá xanh có hàm lượng vitamin K, bắp cải Brucxen, ớt chuông, dâu tây, khoai lang, cam, cà chua, chuối. <br><br>\r\n<b>Canxi trong chế độ ăn có phải là chất dinh dưỡng duy nhất bạn cần?</b><br><br>\r\nLà một trong những chất dinh dưỡng quan trọng nhất đối với cơ thể, chắc chắn không thể bỏ qua canxi. Khoảng 99% canxi trong cơ thể chúng ta được tìm thấy trong xương và răng, do đó, điều cần thiết là duy trì mức độ khỏe mạnh như nhau. Tuy nhiên, các chất dinh dưỡng khác có lợi cho xương là:\r\n<br>\r\n- Vitamin D: để xây dựng mô xương và hấp thụ canxi trong cơ thể tốt hơn.\r\n<br>\r\n- Vitamin K: giúp hình thành xương và giảm nguy cơ gãy xương, loãng xương.\r\n<br>\r\n- Kali trong chế độ ăn uống: giúp trung hòa lượng axit trong cơ thể để ngăn ngừa mất canxi.\r\n\r\n- Vitamin C: để sản xuất collagen giữ cho xương và da khỏe mạnh.\r\n\r\n- Magiê: để đảm bảo mật độ khoáng xương tốt hơn và giảm thiểu nguy cơ gãy xương.\r\n\r\nNói chung, tất cả các chất dinh dưỡng này được biết là góp phần giúp xương khỏe mạnh hơn.', '2021-12-25 16:53:20', NULL, 'PUBLIC', 7, 19),
(6, 'Xe điện Trung Quốc Nio ET5 ra mắt, quyết cạnh tranh Tesla', 'xe-dien-trung-quoc-nio-et5-ra-mat', 'https://cdn.24h.com.vn/upload/4-2021/images/2021-12-25/Xe-dien-Trung-Quoc-Nio-ET5-ra-mat-quyet-canh-tranh-Tesla-et5--1--1640409947-396-width660height372.jpg', '<b>Mẫu xe điện Trung Quốc Nio ET5 vừa được ra mắt và tham vọng cạnh tranh với hãng xe điện đến từ Mỹ Tesla.</b><br><br>\r\nTrung Quốc là đất nước đi sau về công nghệ, nhưng lại có tốc độ phát triển cực nhanh nhờ nguồn nhân lực dồi dào, đặc biệt là về xe điện đang được xem là xu hướng của tương lai. Không chỉ nổi tiếng với các mẫu ô tô điện giá rẻ hay những công nghệ mới đã đưa Trung Quốc thành thị trường xe điện lớn nhất thế giới dù không phải là nước tiên phong. Mới đây mẫu xe Nio ET5 vừa được trình làng nhưng gây chú ý khi được định vị ngang với Model 3 cùng nhiều ưu thế nổi trội.\r\n<br>\r\nSo về tổng thể thì điều này có phần hoàn toàn đúng khi cả Nio ET5 và Tesla Model 3 có chiều dài tương đương khoảng 4.790mm, xe cũng mang phong cách tối giản từ trong ra ngoài. Về ngoại thất Nio ET5 có xu hướng đơn giản khi ít các đường nét uốn lượn có thể thấy như tay nắm cửa ẩn, cửa sổ xe dạng hít tràn viền.<br><br>\r\nKhông gian bên trong cũng mang xu hướng tối giản khi lượt bớt các phím bấm vật lý thay vào đó các tính năng được tích hợp vào màn hình trung tâm 12.8 inch, ghế bọc da, đèn nội thất, vô lăng đáy phẳng thể thao. Đây cũng là xu hướng thiết kế đang được các hãng xe châu Âu sử dụng hiện nay.\r\n<br>\r\nTuy nhiên điểm chú ý nhất trên Nio ET5 chính là tầm hoạt động của xe, theo nhà sản xuất xe có thể vận hành lên tới 1.000km theo điều kiện tiêu chuẩn nhờ được trang bị khối pin có dung lượng lên tới 150kWh được xem là lớn nhất hiện nay.<br>\r\nXe có tầm hoạt động lớn nhưng hiệu suất của xe chỉ ở mức vừa đủ khi chỉ có khả năng tăng tốc từ 0-100km/h trong 4.3 giây, Nio ET5 có công suất khoảng 475 mã lực và mô men xoắn cực đại đạt 700Nm.\r\n\r\nBù lại, Nio ET5 có phương thức nạp năng lượng khá nhanh nhờ việc đổi pin. Cụ thể hãng đang triển khai các trạm đổi pin trước mắt tại Trung Quốc sau đó là các thị trường khác, khi gần cạn năng lượng, chủ xe chỉ cần đưa xe tới trạm, việc thay pin sẽ được máy móc đảm nhiệm đổi pin cần thay sang pin đã được sạc đầy với thời gian ước tính khoảng 5 phút.Nio ET5 cũng được trang bị nhiều tính năng hỗ trợ thông minh gồm kết nối internet tốc độ cao, hệ thống hỗ trợ lái nâng cao, cảm biến LIDAR cùng nhiều công nghệ khác. Theo các thông tin chưa xác thực thì Nio ET5 có giá quy đổi từ hơn 1,1 tỷ đồng dự kiến sẽ được bán ra tại các thị trường châu Âu và có thể là Bắc Mỹ trong thời gian tới.', '2021-12-25 17:49:49', NULL, 'PUBLIC', 3, 19),
(7, 'Hệ quả từ học trực tuyến bằng điện thoại', 'Tỉ lệ học sinh sử dụng điện thoại học trực tuyến khá cao. Theo nhiều giáo viên, chuyên gia, học trực tuyến bằng điện thoại trong thời gian dài khiến chất lượng học tập giảm, ảnh hưởng thị lực.', 'https://cdn.24h.com.vn/upload/4-2021/images/2021-11-16//1637029560-fb9dee65bcd2d487d3d4ee8e594f6d8d-width890height668.jpg', 'Theo Bộ GD&ĐT, có hơn 7,5 triệu học sinh ở các địa phương đang học trực tuyến, trong đó khoảng 1,5 triệu học sinh không có bất cứ thiết bị nào để học tập.\r\n\r\nBà Nguyễn Thị Lý, Hiệu trưởng Trường Tiểu học Bát Tràng, huyện Gia Lâm, Hà Nội, cho biết, qua khảo sát, 100% học sinh đủ thiết bị học tập, nhưng có tới 60% em dùng điện thoại. Màn hình điện thoại bé, học sinh khó nhìn màn hình giáo viên chia sẻ, trình chiếu video học tập. Điều này ảnh hưởng không nhỏ đến chất lượng học tập.<br><br>\r\nBà Đinh Thị Ngọc Dung, Hiệu trưởng Trường THCS Đồng Thái, huyện Ba Vì, Hà Nội, cho biết, trường có 835 học sinh đầu năm rà soát chỉ có khoảng 30 em có máy tính học trực tuyến, đến nay con số này tăng lên thành 80 em, số còn lại phải học bằng điện thoại.\r\n\r\n“Có đến một nửa học sinh phải học điện thoại cũ của bố mẹ. Việc học trực tuyến bằng điện thoại cũ, màn hình mờ, nhanh hết pin sẽ ảnh hưởng tới mắt cũng như hạn chế các em ghi chép bài vở trên lớp. Biết nhiều hạn chế như vậy nhưng học sinh ở vùng nông thôn điều kiện gia đình khó khăn, không có giải pháp khác”, bà Dung nói.\r\n<br><br>\r\n<b>Ảnh hưởng mắt, chất lượng học tập</b>\r\n<br><br>\r\nTại TPHCM, đến thời điểm này, dù tỉ lệ học sinh thiếu thiết bị học tập đã giảm từ 75.000 xuống còn hơn 30.000, nhưng chưa có báo cáo có bao nhiêu em được sử dụng máy tính để học tập.\r\n\r\nÔng Thái Văn Thành, Giám đốc Sở GD&ĐT Nghệ An, cho biết, đầu năm học có 69.000 học sinh thiếu thiết bị học tập; đến nay, địa phương kêu gọi hỗ trợ, quyên góp được hơn 15 tỷ đồng mua thiết bị; đa số học sinh đã có phương tiện để học tập. Tuy nhiên, trong số đó, đa số học sinh sử dụng điện thoại để học tập vì gia đình khó khăn, không có tiền mua máy tính.\r\n\r\n“Nếu học trực tuyến bằng điện thoại kéo dài sẽ gây ảnh hưởng tới thị lực và khó khăn trong tiếp nhận thông tin, ảnh hưởng chất lượng học tập. Tuy nhiên, ở địa phương, thời gian học trực tuyến của học sinh không kéo dài. Đến nay, chỉ còn học sinh lớp 1-11 ở TP Vinh học trực tuyến, các huyện khác đã học trực tiếp”, ông Thành nói.<br><br>\r\nTS Lê Viết Khuyến, Phó chủ tịch Hiệp hội Các trường đại học, cao đẳng Việt Nam, nói rằng, thực tế ở gia đình có 2 cháu học trực tuyến phải vừa trang bị mỗi cháu 1 máy tính để học chính vừa phải có thêm 1 điện thoại thông minh để chụp ảnh, gửi bài cho giáo viên. Mỗi ngày, cô giáo giao bài tập, yêu cầu học sinh chụp lại, hoặc làm bài tập xong chụp gửi đi. Theo dõi trẻ học, ông thấy, nếu chỉ học bằng điện thoại màn hình nhỏ, học sinh sẽ gặp nhiều khó khăn, khó thao tác.\r\n\r\nTheo ông Khuyến, khi học sinh không nắm được bài, chất lượng yếu kém, dẫn tới nguy cơ bỏ học là điều cần tính tới. “Có thể nói, với tỉ lệ học sinh dùng điện thoại học là chủ yếu như hiện nay chỉ có thể là cách học đối phó, tạm thời trong một thời gian ngắn.Nếu kéo dài nhiều tháng, học sinh sẽ bị ảnh hưởng nghiêm trọng đến mắt, tâm sinh lý. Tôi từng có ý kiến phản đối việc cho học sinh tiểu học, THCS học trực tuyến. Phương thức này áp dụng cho học sinh THPT, CĐ, ĐH sẽ hợp lý hơn”, ông nói.', '2021-12-25 11:45:10', NULL, 'PUBLIC', 8, 19),
(8, 'Cáp quang APG sẽ được sửa trước Tết Nguyên đán', 'capquangAPGseduocsuatruoctetnguyendan', 'https://cdn.24h.com.vn/upload/4-2021/images/2021-12-25/1640427165-c276035c_70af_463d_9728_9116345b-1640421914729-width600height401.jpg', '<b>Sự cố trên tuyến cáp quang biển APG dự kiến phải đến Tết Nguyên đán Nhâm Dần 2022 mới được đơn vị kỹ thuật bắt đầu sửa chữa.</b><br><br>\r\nNgày 25/12, thông tin từ các nhà cung cấp dịch vụ Internet (ISP) trong nước, sự cố mới xảy ra trên tuyến cáp quang biển APG (Asia Pacific Gateway) hôm 13/12 vừa qua được xác định nguyên nhân do lỗi cáp cách trạm cập bờ HongKong (Trung Quốc) khoảng 125 km.<br><br>\r\nSự cố lần này vẫn khiến kết nối internet đi quốc tế của nhiều nhà mạng tại Việt Nam chịu ảnh hưởng (theo ước tính khoảng 1TB đường truyền).\r\n<br>\r\nSau khi xác định được nguyên nhân và vị trí gặp sự cố, đơn vị kỹ thuật phụ trách tuyến cáp quang APG đã lên kế hoạch sữa chữa với thời gian bắt đầu từ ngày 2/2/2022 và đến ngày 6/2/2022 sẽ hoàn thành.\r\n<br>\r\nĐược đưa vào vận hành chính thức từ giữa tháng 12/2016, APG có chiều dài khoảng 10.400 km, được đặt ngầm dưới biển Thái Bình Dương, với khả năng cung cấp băng thông tối đa lên tới 54 Tbps. Tuyến cáp biển này có các điểm kết nối ở Trung Quốc, Hong Kong (Trung Quốc), Đài Loan (Trung Quốc), Nhật Bản, Hàn Quốc, Malaysia, Singapore, Thái Lan và Việt Nam.\r\n<br>\r\nTrong khoảng thời gian vài tháng gần đây, tuyến cáp quang biển APG liên tục gặp nhiều sự cố khác nhau. Sự cố gần nhất mà tuyến APG gặp phải và được khắc phục vào hôm 27/11 vừa qua trên phân đoạn S3, gây mất 250G kết nối từ Việt Nam đi Nhật Bản và Mỹ.', '2021-12-25 17:45:46', NULL, 'PUBLIC', 2, 19),
(9, 'Bắc Bộ và Bắc Trung Bộ đón đợt rét hại đầu tiên của mùa Đông năm nay', 'bacbovabactrungbodondotrethaidautien', 'https://icdn.dantri.com.vn/thumb_w/770/2021/12/25/khong-khi-lanh-1640389855095.jpg', '<b>Từ ngày 26-28/12, Bắc Bộ và Bắc Trung Bộ sẽ xảy ra đợt rét đậm, vùng núi có nơi rét hại đầu tiên của mùa Đông năm nay, vùng núi cao có nơi xấp xỉ 0 độ C.</b><br><br>Theo Trung tâm Dự  báo khí tượng thủy văn Quốc gia, hiện nay (25/12), bộ phận không khí lạnh đã tiến sát biên giới phía Bắc nước ta.\r\n<br>\r\nDự báo, ngày hôm nay, bộ phận không khí lạnh này sẽ ảnh hưởng đến vùng núi phía Bắc của Bắc Bộ, sau đó ảnh hưởng đến các nơi khác ở Bắc Bộ, Bắc và Trung Trung Bộ và một số nơi ở Nam Trung Bộ.<br><br>\r\nDo ảnh hưởng của không khí lạnh kết hợp với hội tụ gió trên cao nên từ ngày hôm nay đến ngày 26/12, ở Bắc Bộ và Thanh Hóa có mưa, mưa rào và có nơi có giông.\r\n<br><br>\r\nTừ ngày 25-27/12, khu vực từ Nghệ An đến Khánh Hòa có mưa, mưa rào và có nơi có giông, cục bộ có mưa vừa, mưa to; riêng khu vực từ Quảng Trị đến Quảng Ngãi có mưa vừa, mưa to, có nơi mưa rất to. Trong mưa giông có khả năng xảy ra lốc, sét, mưa đá và gió giật mạnh.\r\n<br>\r\nNgày hôm nay, ở Bắc Bộ trời chuyển rét; từ ngày 26-28/12, Bắc Bộ và Bắc Trung Bộ sẽ xảy ra đợt rét đậm, vùng núi có nơi rét hại đầu tiên của mùa Đông năm nay; nhiệt độ thấp nhất ở Bắc Bộ phổ biến 10-13 độ C, vùng núi có nơi từ 4-7 độ C, vùng núi cao có nơi xấp xỉ 0 độ C; nhiệt độ thấp nhất ở Bắc Trung Bộ phổ biến 11-14 độ C. Vùng núi cao có khả năng xảy ra mưa tuyết và băng giá.\r\n<br><br>\r\nNgoài ra, hôm nay (25/12), trong đất liền gió chuyển hướng Đông Bắc mạnh dần lên cấp 3-4, vùng ven biển cấp 4-5. Từ trưa và chiều nay, ở vịnh Bắc Bộ gió Đông Bắc mạnh dần lên cấp 6, có lúc cấp 7, giật cấp 9, biển động mạnh, sóng biển cao từ 2,0-4,0 m; khu vực Bắc Biển Đông (bao gồm cả vùng biển Quần đảo Hoàng Sa) có gió Đông Bắc mạnh cấp 6-7, giật cấp 9, biển động mạnh, sóng biển cao từ 3,0-5,0 m.\r\n<br><br>\r\nTừ ngày 26/12, vùng biển từ Quảng Trị đến Cà Mau và vùng biển phía Bắc khu vực Giữa Biển Đông gió Đông Bắc mạnh dần lên cấp 6, có lúc cấp 7, giật cấp 9, biển động mạnh, sóng biển cao từ 2,0-4,0 m.\r\n<br>\r\nCảnh báo cấp độ rủi ro thiên tai do gió mạnh trên biển: cấp 2; Cảnh báo cấp độ rủi ro thiên tai do lốc, sét, mưa đá: cấp 1.\r\n<br><br>\r\nKhu vực Hà Nội, từ 25-26/12, có lúc có mưa, mưa rào, riêng hôm nay trời chuyển rét; từ ngày 26-28/12 có rét đậm, với nhiệt độ thấp nhất phổ biến từ 11-13 độ C.', '2021-12-25 18:03:16', NULL, 'PUBLIC', 5, 19),
(10, 'Tác động khủng khiếp của Covid: 90% doanh nghiệp lữ hành bị \"khai tử\"', 'tacdongkhungkhiepcuacovid', 'https://icdn.dantri.com.vn/thumb_w/770/2021/12/25/nguyen-van-hung-1640426816624.jpg\r\n', '<b>Bộ trưởng Nguyễn Văn Hùng cho biết, Covid-19 đã khiến các doanh nghiệp kinh doanh dịch vụ lữ hành rơi vào tình trạng khủng hoảng, 90-95% số lượng doanh nghiệp dừng hoạt động.</b><br><br>\r\n<b>Rơi vào khủng hoảng</b><br><br>\r\nGóp tham luận tại Hội thảo Du lịch 2021, Bộ trưởng Bộ Văn hóa, Thể thao và Du lịch Nguyễn Văn Hùng cho biết, giai đoạn 2015-2019, du lịch Việt Nam có bước tăng trưởng vượt bậc với mức trung bình 22,7%/năm. Năm 2019, du lịch đóng góp trên 9,2% vào GDP, từng bước khẳng định là ngành kinh tế mũi nhọn.\r\n<br>\r\nTuy nhiên, từ đầu năm 2020, do tác động của dịch Covid-19, các chỉ tiêu tăng trưởng của ngành du lịch sụt giảm nghiêm trọng. Tình trạng này kéo đến năm nay.  Trong 10 tháng đầu năm, khách du lịch quốc tế chưa đón, khách du lịch nội địa tiếp tục giảm 42,5% so với cùng kỳ năm 2020, đạt 32,25 triệu lượt; tổng thu từ khách du lịch ước giảm 45,42% so với cùng kỳ năm 2020, đạt 138.150 tỷ đồng.\r\n<br>\r\nƯớc tính cả năm nay, lượng khách du lịch quốc tế đến Việt Nam là 14.900 lượt; lượng khách du lịch nội địa đạt 40 triệu lượt; tổng thu từ khách du lịch đạt 180.000 tỷ đồng.<br><br>\r\n\"Có thể nói, tác động của đại dịch Covid-19 đã khiến các doanh nghiệp kinh doanh dịch vụ lữ hành rơi vào tình trạng khủng hoảng, 90-95% số lượng doanh nghiệp dừng hoạt động (trừ một số rất ít doanh nghiệp tổ chức tour nội tỉnh)\" -  người đứng đầu Bộ Văn hóa, Thể thao và Du lịch thông tin.\r\n\r\nTheo đó, các doanh nghiệp buộc phải chuyển ngành nghề, đổi mô hình kinh doanh hay cắt giảm phần lớn nhân sự.\r\n\r\nNăm 2020, có 338 trên 2.519 doanh nghiệp lữ hành quốc tế xin thu hồi giấy phép, 90% doanh nghiệp đóng cửa. Sang năm nay, lượng doanh nghiệp lữ hành xin thu hồi giấy phép kinh doanh lữ hành chiếm trên 35% tổng số đã được cấp phép, phần còn lại dừng hoạt động. Các doanh nghiệp kinh doanh vận chuyển khách du lịch cũng dừng hoạt động vì không có khách.\r\n<br>\r\nLĩnh vực kinh doanh cơ sở lưu trú du lịch là phân khúc bị ảnh hưởng nặng nề nhất. Năm 2020, công suất phòng trung bình cả nước giảm 70-80% so với năm 2019. Năm nay, các khách sạn hầu như không có khách trừ một số cơ sở đón khách cách ly. Đến nay, tổng số cơ sở lưu trú du lịch trong toàn quốc là 38.000 với 780.000 buồng, công suất phòng trung bình năm ước tính chỉ đạt 5%.\r\n<br>\r\nNhân lực ngành du lịch phần lớn bị mất việc làm, số ít còn lại làm việc cầm chừng. Người lao động ngành du lịch bắt buộc phải chuyển đổi ngành nghề khác để kiếm sống. Năm 2020, các doanh nghiệp lần lượt phải cắt giảm nhân sự từ 70- 80%.\r\n', '2021-12-25 18:07:13', NULL, 'PUBLIC', 6, 19),
(11, 'Vinh danh các nghệ sĩ tiêu biểu năm 2021', 'vinhdanhcacnghesitieubieunam2021', 'https://icdn.dantri.com.vn/thumb_w/770/2021/12/24/lien-hoan-kich-noi-1640334014740.jpeg', '<b>Tối 26/12, tại Nhà hát Lớn Hà Nội, Bộ Văn hóa, Thể thao và Du lịch sẽ tổ chức chương trình nghệ thuật \"Giới thiệu các gương mặt nghệ sĩ tiêu biểu ngành Nghệ thuật biểu diễn năm 2021\".</b><br><br>\r\nĐây là lần thứ ba, Bộ Văn hóa, Thể thao và Du lịch chỉ đạo, Cục Nghệ thuật biểu diễn phối hợp với Hội Nghệ sĩ sân khấu Việt Nam, Hội Nhạc sĩ Việt Nam, Hội Nghệ sĩ múa Việt Nam tổ chức Chương trình Giới thiệu các gương mặt tiêu biểu Nghệ thuật biểu diễn.\r\n\r\nNăm 2021 là một năm khó khăn, thách thức đối với cả nước nói chung và lĩnh vực nghệ thuật biểu diễn nói riêng do ảnh hưởng của dịch bệnh Covid-19, điều đó làm ảnh hưởng đến kế hoạch tổ chức các cuộc thi nghệ thuật chuyên nghiệp.\r\n<br>\r\nĐược sự quan tâm, chỉ đạo sát sao của lãnh đạo Bộ Văn hóa, Thể thao và Du lịch, Cục Nghệ thuật biểu diễn đã phối hợp với các hội nghề nghiệp: Hội Nhạc sĩ Việt Nam, Hội Nghệ sĩ Múa Việt Nam, Hội Nghệ sĩ Sân khấu Việt Nam và các tổ chức, đơn vị liên quan tổ chức thành công 3 cuộc thi gồm: Tài năng Xiếc toàn quốc 2021, Liên hoan Kịch nói toàn quốc năm 2021 và Liên hoan Ca Múa Nhạc toàn quốc năm 2021.', '2021-12-25 18:11:24', NULL, 'PUBLIC', 9, 19),
(12, 'Ba quận trung tâm Hà Nội cấm bán hàng ăn uống tại chỗ', 'baquantrungtamHaNoicambanhanganyongtaicho', 'https://icdn.dantri.com.vn/thumb_w/770/2021/07/12/ban-hang-mang-ve-1626066841185.jpeg', '<b> Sau khi xác định dịch ở cấp độ 3 (vùng cam), các quận Ba Đình, Hoàn Kiếm, Tây Hồ của Hà Nội đã điều chỉnh các biện pháp hành chính, cấm nhà hàng, cơ sở kinh doanh dịch vụ ăn uống phục vụ tại chỗ.</b><br><br>Theo đó, từ 12h ngày mai (26/12), UBND quận Tây Hồ yêu cầu các nhà hàng, cơ sở kinh doanh dịch vụ ăn uống, giải khát chỉ được phép bán hàng mang về và đóng cửa trước 21h hằng ngày.Quận Tây Hồ cũng cấm hoạt động kinh doanh buôn bán tại các chợ cóc, chợ tạm; tạm dừng hoạt động đối với các cơ sở kinh doanh, dịch vụ không thiết yếu, có nguy cơ lây nhiễm cao như: cơ sở làm đẹp (trừ dịch vụ cắt tóc, uốn tóc); khu vui chơi, giải trí; quán bar; karaoke (kể cả karaoke loa kéo, quán hát cho nhau nghe); game; massage; phố đi bộ.\r\n<br>\r\nBên cạnh đó, quận Tây Hồ cũng không cho phép tổ chức các hoạt động hội họp, sự kiện tập trung trên 20 người trong một phòng; không tụ tập từ 10 người trở lên ngoài phạm vi công sở, trường học, bệnh viện. Yêu cầu những người tham gia phải được tiêm đủ liều vaccine hoặc đã khỏi bệnh Covid-19; có kết quả xét nghiệm âm tính với SARS-CoV-2 trong vòng 72 giờ; tuân thủ nghiêm ngặt 5K, cài đặt và quét mã QR.<br><br>\r\nDừng triệt để các nghi lễ tôn giáo, hoạt động có tập trung từ 20 người trở lên tại các cơ sở tôn giáo, tín ngưỡng, thờ tự; dừng tất cả các hoạt động văn hóa, thể thao, giải trí tại các địa điểm công cộng.\r\n<br>\r\nCác cơ quan, đơn vị, doanh nghiệp, cơ sở kinh doanh trên địa bàn được khuyến cáo hạn chế tiếp khách làm việc trực tiếp tại đơn vị, tăng cường hoạt động làm việc trực tuyến.\r\n<br>\r\nChính quyền sở tại cũng khuyến cáo người dân không ra khỏi nhà khi không cần thiết. Trong trường hợp ra khỏi nhà, người dân cần tuân thủ các biện pháp phòng, chống dịch: bắt buộc đeo khẩu trang khi ra ngoài, không tập trung đông người, thực hiện khai báo y tế theo quy định; khi có dấu hiệu ho, sốt, khó thở... phải thông báo ngay cho cơ quan y tế để được hướng dẫn và khám, điều trị kịp thời.', '2021-12-25 17:35:00', NULL, 'PUBLIC', 5, 19),
(13, 'HLV Rangnick báo tin vui cho người hâm mộ Man Utd', 'hlvRangnickbaotinvuichonguoihammo-man-utd', 'https://icdn.dantri.com.vn/thumb_w/770/2021/12/24/0gettyimages1357116216-1640335665050.jpg', '<b>Huấn luyện viên tạm quyền của Man Utd, Ralf Rangnick cho biết có 25 cầu thủ Man Utd đã có thể ra sân trong trận đấu tiếp theo tại Premier League gặp Newcastle vào rạng sáng 28/12 (giờ Việt Nam).</b><br><br>Man Utd đã hoãn hai trận đấu tại Premier League, gặp Brentford và Brighton vào tuần trước do bị bùng phát Covid-19 trong đội hình một. Đội bóng thành Manchester phải đóng cửa khu tập luyện Carrington vào thứ 5 tuần trước sau khi chỉ còn vài cầu thủ khỏe mạnh.\r\n<br>\r\n\"Quỷ đỏ\" đứng trước nguy cơ khủng hoảng đội hình vì Covid-19, nhưng rất may mọi chuyện đã được ổn định kịp thời. Các cầu thủ Man Utd bắt đầu trở lại tập luyện trong các giai đoạn khác nhau vào thứ Ba tuần này trước khi toàn đội trở lại tập luyện ở Carrington để chuẩn bị cho trận đấu vào đầu tuần tới, gặp Newcastle.\r\n<br>\r\nPaul Pogba là cầu thủ  duy nhất tới khu tập nhưng không tập luyện do anh đang trong quá trình hồi phục sau khi bị căng cơ đùi, dự kiến Pogba phải ngồi ngoài hai tuần nữa.<br><br>\"Như các bạn đã biết, tuần trước, buổi tập cuối cùng vào thứ 5, từ đó đến hôm nay, chúng tôi chỉ có tám cầu thủ và ba thủ môn và sau đó chúng tôi đóng cửa sân tập trong bốn ngày để ngăn chặn Covid-19 lây lan\", HLV Rangnick nói.\r\n<br>\r\n\"Hôm nay là buổi tập thứ ba trong tuần này, chúng tôi bắt đầu từ thứ 3, chúng tôi đã tập luyện vào hôm qua và hôm nay. Hôm nay, chúng tôi có 25 cầu thủ ra sân tập, vì vậy chỉ có Paul Pogba là người duy nhất không thể tập luyện, tất cả những người khác đều tập luyện. Mọi thứ với chúng tôi đang rất tích cực.\r\n<br>\r\nChúng tôi sẽ tập luyện vào ngày mai và sẽ có một ngày nghỉ cho các cầu thủ vào ngày Giáng sinh, sau đó chúng tôi có buổi tập cuối cùng tại đây vào Chủ nhật và sẽ di chuyển vào buổi tối tới Newcastle.\r\n<br>\r\nTheo như tôi thấy trong buổi tập hôm nay, tất cả cầu thủ đều có phong độ tốt, tất cả các cầu thủ đều tập luyện ở nhà theo lịch trình và đều bám sát chương trình do câu lạc bộ cung cấp.\r\n<br>\r\nVì vậy, từ những gì tôi thấy trong buổi tập hôm nay, tôi có thể nói hầu hết các cầu thủ đều sẵn sàng ra sân. Tôi phải đưa ra một số quyết định khó khăn về ai sẽ có mặt trong đội hình và đội hình xuất phát\".', '2021-12-25 18:30:36', NULL, 'PUBLIC', 1, 19),
(14, 'Kính thiên văn bắt được 70 hành tinh \"sinh ra từ hư không\"', 'kinh-thien-van-bat-duoc-70-hanh-tinh-sinh-ra-tu-hu-khong', 'https://cdn.24h.com.vn/upload/4-2021/images/2021-12-24/1640324943-image10394-rho-ophiuchi-planet-16402530835582120271817-width580height332.jpg', '<b>Tại một vùng hình thành sao bí ẩn nằm trong chòm sao Thiên Yết và Xà Phu, có ít nhất 70 hành tinh đang trong trạng thái trôi nổi tự do, không hề bị trói buộc bởi bất kỳ \"mặt trời\" nào.</b><br><br>\r\nTheo Sci-News, kết quả đáng kinh ngạc nói trên đã được xác định từ bộ dữ liệu 20 năm thu thập bởi các đài thiên văn thuộc NSF\'\'s NOIRLab, Đài thiên văn Nam Âu (ESO), Kính viễn vọng Canada - Pháp - Hawaii và Kính viễn vọng Subaru, gồm hơn 80.000 hình ảnh rõ nét về vùng không gian cách Trái Đất 420 năm ánh sáng.<br><br>\r\nĐược gọi là Liên kết sao trẻ Thượng Thiên Yến, vùng hình thành sao này có ít nhất 70 hành tinh - và có thể lên tới 170 hành tinh - trôi nổi tự do. Đó là một dạng hành tinh hoàn toàn bí ẩn được phát hiện ngày một nhiều trong những năm gần đây, với khối lượng không vượt quá 13 lần Sao Mộc.\r\n\r\nHầu hết các hành tinh thông thường đều giống như Trái Đất của chúng ta: sinh ra từ đĩa tiền hành tinh của một ngôi sao mẹ và liên kết phần đời còn lại với ngôi sao mẹ. Nhưng dạng hành tinh trôi nổi nói trên thì không.\r\n\r\nChúng là dạng vật thể có phần \"cao cấp\" hơn hành tinh nhưng lại không đủ to và không có được phản ứng nhiệt hạch phù hợp để có thể được coi là một ngôi sao. Và chúng dường như \"sinh ra từ hư không\", tức hình thành trực tiếp từ các đám mây phân tử đang chứa đựng chúng.\r\n\r\nDo không được chiếu sáng bởi sao mẹ nên các hành tinh này rất mờ, và ngày một mờ đi theo tuổi đời. Vì vậy hầu hết hành tinh trôi nổi đều được quan sát khi chúng còn trẻ.\r\n\r\nTheo tiến sĩ Núria Miret-Roig, nhà thiên văn học từ Phòng thí nghiệm Vật lý thiên băn Bordeaux và Đại học Vienna, một trong các tác giả dẫn đầu nghiên cứu, họ đã không dám mong đợi tìm được nhiều hành tinh trôi nổi đến thế.\r\n<br>\r\nNghiên cứu vừa được công bố trên tạp chí khoa học Nature Astronomy.\r\n\r\n\r\n\r\n', '2021-12-25 19:10:00', NULL, 'PUBLIC', 2, 19),
(15, 'Lô xe VinFast VF e34 đầu tiên xuất xưởng, chính thức bàn giao đến tay khách hàng', 'lo-xe-vinfast-vf-e34-dau-tien-xuat-xuong-chinh-thuc-ban-giao-den-tay-khach-hang', 'https://cdn.24h.com.vn/upload/4-2021/images/2021-12-25/Lo-xe-VinFast-VF-e34-dau-tien-xuat-xuong-va-duoc-ban-giao-den-tay-khach-hang-2-1640428317-882-width660height440.jpg', '<b>Kỷ nguyên xe điện tại Việt Nam đã chính thức bắt <br><br>Sáng 25/12, Công ty TNHH Kinh doanh Thương mại và Dịch vụ VinFast đã tổ chức lễ xuất xưởng và bàn giao lô xe ô tô điện VF e34 đầu tiên tại nhà máy VinFast (Hải Phòng).Được biết, sẽ có khoảng 100 chiếc được bàn giao trong lần xuất xưởng đầu tiên vào cuối năm 2021, 2.000 chiếc tiếp theo sẽ sớm tới tay khách hàng trong tháng 1/2022.VinFast VF e34 được định vị ở phân khúc SUV cỡ C, xe sở hữu kích thước tổng thể DxRxC lần lượt là 4.300 x 1.793 x 1.613 (mm) cùng chiều dài cơ sở đạt 2.610 mm.<br>Xe điện VinFast VF e34 có thiết kế khá hiện đại với khả năng tăng tốc ấn tượng, tích hợp nhiều tính năng thông minh được nghiên cứu và phát triển dành riêng cho thị trường nội địa. Đặc biệt, người dùng có thể tương tác trực tiếp với xe và điều khiển một số tính năng dễ dàng nhờ khả năng nhận diện giọng nói đa vùng miền.', '2021-12-25 19:12:57', NULL, 'PUBLIC', 3, 8),
(16, 'Đề xuất bỏ môn thi thứ 4 vào lớp 10: Học trực tuyến thì phải giảm mục tiêu đi?', 'Do học sinh lớp 9 năm nay phải học trực tuyến kéo dài, nhiều giáo viên, phụ huynh cũng như học sinh đề xuất Hà Nội bỏ môn thi thứ 4.', 'https://cdn.24h.com.vn/upload/4-2021/images/2021-12-16/1639623478-08fb83659577f81ce52a45ca189ad172-width543height313.png', 'Đầu tháng 12, Mai Hương, lớp 9 tại huyện Hoài Đức, vẫn học online từ 7h15 đến gần 12h. Vì địa phương có ca nhiễm cộng đồng, Hương chưa được quay lại trường, trong khi bạn bè tại nhiều huyện khác đã học trực tiếp được vài tuần. Nữ sinh sốt ruột khi chỉ còn khoảng nửa năm nữa là kỳ thi vào lớp 10 THPT công lập tại Hà Nội diễn ra.<br><br>\r\n\"Chỉ còn khoảng nửa năm nữa là kỳ thi vào lớp 10 THPT công lập tại Hà Nội diễn ra. Kiến thức của em bị hổng khá nhiều. Chúng em là lứa thiệt thòi vì 3 năm qua đều gần như học trực tuyến là nhiều. Do đó, em muốn được bỏ môn thi vào lớp 10 để giảm tải, tập trung vào ba môn chính Văn, Toán, Tiếng Anh. Nếu không, năm nay bọn em sẽ cực kì khó khăn\", Hương nói.<br><br>\r\nChị Trần Huyền My, trú quận Đống Đa, Hà Nội e ngại việc thi bốn môn sẽ gây áp lực cho con gái chị chưa được quay lại trường kể từ tháng 5. Lý do chị đưa ra là học online không hiệu quả như trực tiếp, thời gian học cũng ít hơn, chưa kể con họ còn phân tán vì các trò chơi trên mạng.\r\n<br><br>\r\nTheo chị My, việc tổ chức môn thi thứ tư ở Hà Nội nhằm tránh để học sinh học lệch, học tủ, chỉ tập trung vào ba môn chính là Toán, Văn và Ngoại ngữ. Tuy nhiên thực tế, học sinh vẫn tập trung nhiều hơn cho ba môn này trong năm học, và chỉ thực sự chú tâm vào môn thứ tư sau khi Sở GD&ĐT công bố vào tháng 3.\r\n<br><br>\r\n“Nếu thi càng nhiều môn, học sinh sẽ khá áp lực trong thời gian còn lại của năm học. Khi được đến trường trở lại, các thầy cô sẽ phải đẩy mạnh ôn luyện, đồng nghĩa các con có thể phải học với cường độ cao hơn. Thực sự thời điểm này gia đình đang rất rối bời về việc lựa chọn trường cho con trong năm nay vì nếu đặt mục tiêu cao sợ sẽ... trắng tay”- chị My nhấn mạnh.', '2021-12-25 11:38:12', NULL, 'PUBLIC', 8, 19),
(17, 'Chuỗi bán lẻ trang sức PNJ khởi sắc cuối năm', 'chuoi-ban-le-trang-suc-pnj-khoi-sac-cuoi-nam', 'https://cdn.24h.com.vn/upload/4-2021/images/2021-12-25/Chuoi-ban-le-trang-suc-PNJ-khoi-sac-cuoi-nam-chuoi-ban-le-1-1640423658-265-width660height440.jpg', '<b>Bức tranh mua sắm từ sau giãn cách xã hội đã khả quan và càng sôi động trong những tháng cuối năm 2021. Điều này hứa hẹn một sự phục hồi mạnh mẽ trên thị trường tiêu dùng, nhất là trong những mặt hàng thiết yếu, quà tặng ý nghĩa.<br><br>\r\nMua sắm đã khả quan</b><br><br>\r\nSở dĩ người tiêu dùng, đặc biệt thế hệ Y (Millennials) vẫn giữ thái độ lạc quan vì họ được làm việc ở nhà hoặc theo phương thức kết hợp (hybrid). Ngoài ra, bối cảnh tỷ lệ tiêm chủng toàn cầu tăng cao càng củng cố niềm tin của người tiêu dùng về một năm 2022 tích cực hơn.\r\n\r\nỞ Việt Nam, tình hình cũng rất tươi sáng. Theo dự đoán của Kantar WorldPanel, chi tiêu FMCG (nhóm hàng tiêu dùng nhanh) cho tiêu dùng tại nhà sẽ tăng trưởng tốt trong dịp Tết 2022 với mức chi tiêu gấp 2 - 3 lần so với ngày thường. Trong đó, khu vực thành thị có xu hướng mua sắm Tết sớm hơn. Riêng ở lĩnh vực thương mại điện tử (TMĐT), Deloitte ước tính, doanh số TMĐT trong kỳ nghỉ lễ 2021-2022 sẽ tăng từ 11-15% so với cùng kỳ năm trước. Trước mắt, mùa lễ hội mua sắm cuối năm 12/12  đã ghi nhận doanh thu tăng trưởng ấn tượng ở các sàn thương mại điện tử. Cụ thể, sàn Lazada cho biết hệ thống ghi nhận số lượng đơn hàng tăng gần gấp đôi. Con số này ở sàn Shopee là tăng gấp 14 lần so với mức trung bình ngày thường.<br><br>\r\nTrong bối cảnh đó, hoạt động bán lẻ ở các cửa hàng cũng đã sôi động. Ngay khi vừa hết giãn cách, tháng 10/2021, các chuỗi Thế giới di động và Điện máy xanh đều tăng tốc rất nhanh, ghi nhận đà tăng doanh thu 52% so với cùng kỳ. Sáng tháng 11, hai chuỗi này tiếp tục đạt những kết quả vượt bậc. Riêng chuỗi trang sức PNJ ghi nhận doanh thu tháng 11/2021 đạt 2.160 tỷ đồng, tăng 18,9%. Tính chung 11 tháng, doanh thu kênh lẻ của PNJ vẫn tăng trưởng 8,4% so với cùng kỳ.\r\n<br>\r\nTheo giải thích từ PNJ, đó là nhờ các chương trình thúc đẩy bán hàng (Black Friday, Ưu đãi đặc quyền VIP…) trong tháng 11 của PNJ đều vượt kế hoạch. Còn doanh thu bán hàng online lũy kế 11 tháng tăng trưởng 137% so với cùng kỳ. Cùng với tăng tốc bán hàng, PNJ đã mở mới 20 cửa hàng. Riêng nhãn hàng Pandora đạt mốc 12 cửa hàng và PNJ Style đạt 7 cửa hàng ở các thành phố lớn. Bên cạnh đó, trong tháng 11, tổng chi phí hoạt động giảm 11.5% so với cùng kỳ 2020. Luỹ kế 11 tháng, tỷ lệ Chi phí hoạt động/Lãi gộp đạt 62,5%. Điều đó cho thấy hiệu quả tối ưu hóa chi phí vận hành từ yếu tố tái cơ cấu mạng lưới bán lẻ.\r\n', '2021-12-25 19:16:02', NULL, 'PUBLIC', 4, 19),
(18, 'Hà Nội có tới 8 quận \"vùng cam\", chỉ còn một huyện \"vùng xanh\"', 'ha-noi-co-toi-8-quan-vung-cam-chi-con-mot-huyen-vung-xanh', 'https://icdn.dantri.com.vn/thumb_w/770/2021/10/08/cuocsongbinhthuongmoihanoihuunghi11633083632080-1633657672208.jpeg', '<b>Tính theo quy mô cấp quận, huyện, Hà Nội chỉ còn duy nhất một địa phương có dịch ở cấp độ 1 (vùng xanh) và đã ghi nhận 8 địa phương có dịch ở cấp độ 3 (vùng cam).<br><br>\r\nUBND TP Hà Nội vừa ban hành thông báo đánh giá cấp độ dịch trong phòng, chống dịch Covid-19 trên địa bàn thành phố dựa trên số liệu được cập nhật đến 10h ngày 24/12.\r\n<br>\r\nNội dung thông báo thể hiện, trong thời gian 2 tuần trở lại đây, Hà Nội đã ghi nhận 17.832 F0 tại cộng đồng. Hiện dịch bệnh của thành phố Hà Nội đang ở cấp độ 2.\r\n<br>\r\nTính theo quy mô cấp quận, huyện, thị xã thì Hà Nội đã ghi nhận 8 địa phương ở cấp độ 3 (tức \"vùng cam\", gồm các quận: Tây Hồ, Nam Từ Liêm, Long Biên, Hoàng Mai, Hoàn Kiếm, Hai Bà Trưng, Đống Đa, Ba Đình); 21 địa phương ở cấp độ 2 (tức \"vùng vàng\") và hiện chỉ còn huyện Phúc Thọ có dịch ở cấp độ 1 (\"vùng xanh\").<br><br>Như vậy, so với tuần trước đó, 3 huyện: Mỹ Đức, Ứng Hòa, Ba Vì đã tăng cấp độ dịch, chuyển từ \"vùng xanh\" thành \"vùng vàng\". Chỉ còn lại huyện Phúc Thọ là \"vùng xanh\" duy nhất của thành phố.\r\n\r\nTính theo quy mô cấp xã, phường, thị trấn, Hà Nội ghi nhận 67 địa phương có dịch ở cấp độ 3, 116 địa phương ở cấp độ 2 và 396 địa phương ở cấp độ 1; chưa ghi nhận địa phương nào có dịch ở cấp độ 4.\r\n<br>\r\nTrong đó, 67 địa phương \"vùng cam\" nằm rải rác ở các quận: Ba Đình, Đống Đa, Hà Đông, Hai Bà Trưng, Hoàn Kiếm, Hoàng Mai, Long Biên, Nam Từ Liêm, Tây Hồ và 2 huyện: Gia Lâm, Thanh Trì.\r\n\r\n', '2021-12-25 19:18:38', NULL, 'PUBLIC', 5, 19),
(19, 'Kiếm tiền khủng từ Google, Facebook, các cá nhân nộp thuế tỉ đồng', 'kiem-tien-khung-tu-google-facebook-cac-ca-nhan-nop-thue-ti-dong', 'https://cdn.24h.com.vn/upload/4-2021/images/2021-12-25//1640405476-c2d62802bcbad6661f0a7cf68d7bb22f-width684height497.jpeg', '<b>Cục Thuế TP Hà Nội đã đưa vào quản lý 465 cá nhân có doanh thu phát sinh từ Google, Facebook với số thuế đã nộp năm 2021 là 56 tỉ đồng</b><br><br>\r\nNgày 24-12, báo cáo tại hội nghị trực tuyến tổng kết công tác thuế năm 2021, ông Mai Sơn, Cục trưởng Cục Thuế TP Hà Nội, cho biết tổng thu ngân sách trên địa bàn do cục thuế quản lý năm 2021 ước đạt 237.179 tỉ đồng, tăng 9,3% so với dự toán pháp lệnh.\r\n\r\nTheo ông Mai Sơn, trong năm 2021, Cục Thuế TP Hà Nội đã chú trọng nắm bắt những phương thức sản xuất kinh doanh mới, đặc biệt là các hoạt động thương mại điện tử, kinh doanh dựa trên nền tảng số để có những đề xuất về chính sách và phương pháp quản lý hiệu quả, qua đó mở rộng nguồn thu, chống xói mòn cơ sở thuế.<br><br>\r\nCục Thuế TP Hà Nội cũng đã thu được những kết quả khả quan từ các doanh nghiệp, cá nhân hoạt động trong lĩnh vực thương mại điện tử, kinh tế số trong năm 2021 với số thu khoảng 14.000 tỉ đồng, chiếm khoảng 6% tổng thu và 10% thu từ hoạt động sản xuất kinh doanh.\r\n\r\nÔng Mai Sơn cho biết Cục Thuế TP Hà Nội đã nhận diện 5 nhóm kinh doanh thương mại điện tử để triển khai các biện pháp quản lý thuế trong năm 2021 và thời gian tới.\r\n<br>\r\nNhóm thứ nhất là nhóm có thu thập từ các tổ chức nước ngoài như Google, Facebook,…Đến nay, Cục Thuế TP Hà Nội đã đưa vào quản lý 465 cá nhân có doanh thu phát sinh từ Google, Facebook với số thuế đã nộp năm 2021 là 56 tỉ đồng. Trong thời gian tới, sẽ tiếp tục triển khai rà soát 503 người nộp thuế có doanh thu 498 tỉ đồng với dự kiến số thu 35 tỉ đồng.\r\n\r\n', '2021-12-25 19:20:51', NULL, 'PUBLIC', 6, 8),
(20, 'Hà Nội: Học sinh từ lớp 1 đến lớp 5 kiểm tra học kỳ I như thế nào?', 'Bài kiểm tra định kỳ đối với học sinh từ lớp 1 đến lớp 5 có thể được tổ chức linh hoạt bằng các hình thức trực tiếp, trực tuyến.', 'https://cdn.24h.com.vn/upload/4-2021/images/2021-12-24/Ha-Noi-Hoc-sinh-tu-lop-1-den-lop-5-kiem-tra-hoc-ky-I-nhu-the-nao-hoc-truc-tuyen-1-1640338692-932-width640height480.jpg', 'Sở GD-ĐT Hà Nội vừa có văn bản hướng dẫn tổ chức đánh giá học sinh tiểu học thực hiện Chương trình giáo dục phổ thông trong điều kiện ứng phó với dịch COVID-19.\r\n<br>\r\n\r\nCụ thể, đối với lớp 1, lớp 2: Bài kiểm tra định kỳ được tổ chức bằng hình thức trực tiếp, các cơ sở giáo dục thực hiện các giải pháp linh hoạt, phù hợp với thực tế đảm bảo an toàn trong phòng dịch.<br>\r\nNhà trường lập kế hoạch thời gian thực hiện bài kiểm tra định kỳ; tổ chức họp với cha mẹ học sinh để phổ biến, hướng dẫn, tạo sự đồng thuận về phương án thực hiện.\r\n\r\nCác cơ sở giáo dục chia nhỏ số học sinh/lớp, đảm bảo an toàn phòng dịch để tổ chức hướng dẫn, ôn tập, bổ sung, củng cố kiến thức, định hướng nội dung cốt lõi cho học sinh trước khi tổ chức bài kiểm tra định kỳ đối với môn Toán, môn Tiếng Việt linh hoạt vào các thời điểm, phù hợp với từng đối tượng và tình hình diễn biến dịch COVID-19 để đánh giá học sinh cuối học kỳ I và cuối năm học theo quy định.\r\n<br>\r\nTrong trường hợp bất khả kháng, tại thời điểm kiểm tra định kỳ học sinh không thể đến trường để làm bài kiểm tra bằng hình thức trực tiếp, cơ sở giáo dục tiểu học báo cáo phương án, điều kiện tổ chức cho học sinh làm bài kiểm tra định kỳ bằng hình thức trực tuyến về Phòng Giáo dục và Đào tạo để được kiểm tra các điều kiện đảm bảo trước khi thực hiện. Phòng Giáo dục và Đào tạo tổng hợp báo cáo về Sở Giáo dục và Đào tạo.\r\n\r\nĐối với các lớp 3, lớp 4, lớp 5: Bài kiểm tra định kỳ được tổ chức linh hoạt bằng các hình thức trực tiếp, trực tuyến khi đáp ứng đủ các điều kiện theo quy định, phù hợp với điều kiện cụ thể và diễn biến tình hình dịch Covid-19 tại đơn vị vào thời điểm tổ chức đánh giá; thực hiện bài kiểm tra định kỳ đối với các môn học: Tiếng Việt, Toán, Khoa học, Lịch sử và Địa lí, Ngoại ngữ, Tin học, Tiếng dân tộc tại các thời điểm cuối học kỳ I và cuối năm học.\r\n<br>\r\nRiêng lớp 4, lớp 5 có thêm bài kiểm tra định kỳ vào giữa học kỳ I và giữa học kỳ II đối với môn Toán và môn Tiếng Việt theo quy định tại Thông tư số 22/2016/TT-BGDĐT ngày 22/9/2016 của Bộ trưởng Bộ Giáo dục và Đào tạo ban hành Quy định đánh giá học sinh Tiểu học, bổ sung sửa đổi Thông tư số 30/2014/TT-GDĐT ngày 28/8/2014.\r\n\r\nLiên quan đến công tác tổ chức đánh giá học sinh tiểu học thực hiện chương trình giáo dục phổ thông ứng phó với dịch COVID-19, trước mắt là đối với việc đánh giá chất lượng giáo dục học kỳ I năm học 2021-2022 của các trường tiểu học tại Hà Nội, ngày 24/12, Phó Giám đốc Sở Giáo dục và Đào tạo Hà Nội Phạm Xuân Tiến cho biết, việc đánh giá định kỳ của các đơn vị có thể được thực hiện linh hoạt vào các thời điểm phù hợp với điều kiện tổ chức dạy học thực tế.\r\n\r\nBài kiểm tra định kỳ đối với học sinh từ lớp 1 đến lớp 5 có thể được tổ chức linh hoạt bằng các hình thức trực tiếp, trực tuyến.\r\n<br>\r\nCăn cứ tình hình thực tế và diễn biến của dịch COVID-19 tại đơn vị vào thời điểm tổ chức đánh giá, các nhà trường chủ động quyết định hình thức kiểm tra phù hợp nhằm bảo đảm an toàn ở mức cao nhất cho học sinh và tạo thuận lợi tối đa cho học sinh, gia đình học sinh.\r\n\r\nNếu tại thời điểm kiểm tra định kỳ, học sinh không thể đến trường để làm bài kiểm tra bằng hình thức trực tiếp, cơ sở giáo dục tiểu học có trách nhiệm báo cáo phương án, điều kiện tổ chức cho học sinh làm bài kiểm tra định kỳ bằng hình thức trực tuyến về phòng giáo dục và đào tạo trước khi thực hiện. Phòng giáo dục và đào tạo tổng hợp báo cáo Sở Giáo dục và Đào tạo.\r\n<br>\r\nNếu diễn biến dịch bệnh tại địa phương được kiểm soát, nhà trường có thể bảo đảm các điều kiện an toàn và nhận được sự đồng thuận của phụ huynh học sinh, có sự phê duyệt của cấp quản lý trực tiếp, thì có thể tổ chức cho học sinh đến trường làm bài kiểm tra định kỳ theo hình thức trực tiếp.', '2021-12-25 11:33:36', NULL, 'PUBLIC', 8, 19),
(21, '15.559 ca Covid-19 tại 57 tỉnh thành, Hà Nội tiếp tục đứng đầu số mắc mới', '15559-ca-covid19-tai-57-tinh-thanh-ha-noi-tiep-tuc-dung-dau-so-mac-mo', 'https://icdn.dantri.com.vn/thumb_w/770/2021/12/09/xet-nghiem-covid19thanh-hoathanh-tung7-crop-1639006918726.jpeg', '<b>Ngày 25/12, Bộ Y tế cho biết cả nước ghi nhận 15.559 ca Covid-19, với 8.077 F0 cộng đồng. Hà Nội có 1.879 F0 mới, đứng đầu cả nước.</b><br><br>\r\nTính từ 16h ngày 24/12 đến 16h ngày 25/12, trên Hệ thống Quốc gia quản lý ca bệnh Covid-19 ghi nhận 15.586 ca nhiễm mới, trong đó 27 ca nhập cảnh và 15.559 ca ghi nhận trong nước (giảm 583 ca so với ngày trước đó) tại 57 tỉnh, thành phố (có 8.077 ca trong cộng đồng).<br>\r\nCụ thể tại Hà Nội (1.879), Tây Ninh (946), TPHCM (885), Vĩnh Long (875), Cà Mau (835), Khánh Hòa (793), Đồng Tháp (789), Cần Thơ (702), Bạc Liêu (612), Trà Vinh (564), Hải Phòng (425), Thừa Thiên Huế (395), Bình Định (387), Tiền Giang (326), Bà Rịa - Vũng Tàu (297), An Giang (289), Kiên Giang (282), Sóc Trăng (279), Đồng Nai (274), Hưng Yên (271), Bắc Ninh (252), Bình Thuận (242), Lâm Đồng (221), Đà Nẵng (211), Bến Tre (203), Phú Yên (192), Quảng Ninh (183), Gia Lai (166), Thanh Hóa (153), Quảng Trị (148), Nam Định (123), Hải Dương (109), Bình Dương (108), Hà Giang (104), Nghệ An (95), Hậu Giang (93), Vĩnh Phúc (91), Quảng Nam (84), Hà Nam (68), Thái Nguyên (64), Bắc Giang (61), Đắk Nông (53), Long An (50), Phú Thọ (48), Quảng Ngãi (47), Sơn La (38), Hòa Bình (37), Thái Bình (37), Ninh Thuận (33), Quảng Bình (32), Bình Phước (27), Cao Bằng (27), Tuyên Quang (17), Lào Cai (14), Yên Bái (14), Lai Châu (7), Điện Biên (2).\r\n\r\n', '2021-12-25 19:22:56', NULL, 'PUBLIC', 7, 19),
(22, 'Quốc Cơ, Quốc Nghiệp phá kỉ lục Guiness thế giới', 'quoc-co-quoc-nghiep-pha-ki-luc-guiness-the-gioi', 'https://icdn.dantri.com.vn/thumb_w/770/2021/12/23/quoc-co-quoc-nghiep00001-1640269677274.jpg', '<b>Hôm nay (23/12), vào lúc 13h (giờ Tây Ban Nha) - 19h Việt Nam cùng ngày, Quốc Cơ, Quốc Nghiệp xác lập kỷ lục Guinness thế giới với màn trình diễn chồng đầu đi trên 100 bậc thang trong vòng 53 giây.</b><br><br>https://icdn.dantri.com.vn/thumb_w/770/2021/12/23/quoc-co-quoc-nghiep00001-1640269677274.jpg<br>Màn trình diễn của Giang Quốc Cơ, Giang Quốc Nghiệp được thực hiện tại nhà thờ Chính tòa ở thành phố Girona, Tây Ban Nha.<br>Trước khi lên đường sang Tây Ban Nha, hai anh em nghệ sĩ xiếc Giang Quốc Cơ - Giang Quốc Nghiệp đã đặt mục tiêu phá kỷ lục thế giới mà chính họ từng xác lập hồi tháng 12/2016. Với thành công này, Quốc Cơ, Quốc Nghiệp đã tự phá vỡ kỉ lục của chính mình vào năm 2016 - chồng đầu đi trên 90 bậc thang trong vòng 52 giây.', '2021-12-25 20:18:47', NULL, 'PUBLIC', 9, 19);
INSERT INTO `posts` (`id`, `title`, `slug`, `image`, `content`, `created_at`, `updated_at`, `status`, `category_id`, `accounts_id`) VALUES
(23, 'Chơi xấu, LeBron James bị đối thủ đuổi đánh trên sân', 'choi-xau-lebron-james-bi-doi-thu-duoi-danh-tren-san', 'https://icdn.dantri.com.vn/thumb_w/660/2021/11/22/isaiahstewartduoidanhlebronjamescover-1637586490157.jpg', '<b>Huyền thoại làng bóng rổ Mỹ, LeBron James đã có hành vi chơi xấu trong trận đấu giữa Detroit Pistons và Los Angeles Lakers.</b><br><br>\r\nTình huống bạo lực đã xảy ra trong trận đấu giữa Detroit Pistons và Los Angeles Lakers tại giải bóng rổ nhà nghề Mỹ (NBA) vào sáng nay.<br>\r\nIsaiah Stewart đã có động tác che người để tranh chấp bóng với LeBron James trong tình huống ném phạt ở hiệp 3. Cảm thấy khó chịu về hành động này, LeBron James đã vung tay gạt đối thủ và đồng thời đánh trúng vào mặt Isaiah Stewart.\r\n\r\nChính điều này khiến cho VĐV sinh năm 2001 thực sự giận dữ. Với gương mặt đầy máu, Isaiah Stewart nhất quyết nhảy vào đòi ăn thua đủ với \"King James\".\r\n\r\nRất nhiều người (bao gồm các đồng đội và nhân viên an ninh) đã lao vào giữ Isaiah Stewart nhưng vẫn không thể ngăn được sự vùng vẫy \"con quái vật\" nặng 113 kg này. Thậm chí, anh đã nhảy vào đường hầm, có ý định tiếp cận với khu vực kỹ thuật của Los Angeles Lakers để làm cho ra nhẽ.\r\n<br><br>\r\nPhải mất một thời gian, tình hình mới ổn định. Sau đó, trọng tài đã quyết định truất quyền thi đấu của LeBron James vì phạm lỗi thô bạo cấp độ 2. Isaiah Stewart cũng bị trục xuất khỏi sân vì phạm hai lỗi kỹ thuật. Russell Westbrook cũng bị phạt 1 lỗi kỹ thuật vì lao vào gây gổ.\r\n<br>\r\nDù mất ngôi sao số 1 nhưng Los Angeles Lakers vẫn xuất sắc giành chiến thắng với tỷ số 121-116 trong trận này.', '2021-12-25 19:37:54', NULL, 'PUBLIC', 1, 19),
(24, 'Nhà vô địch SEA Games bỏ cuộc, tan mộng vô địch giải cầu lông thế giới', 'nha-vo-dich-sea-games-bo-cuoc-tan-mong-vo-dich-giai-cau-long-the-gio', 'https://icdn.dantri.com.vn/thumb_w/770/2021/12/18/badleeziijia111512-1639773731630.jpg', '<b>Ở vòng tứ kết giải cầu lông thế giới 2021, nhà vô địch SEA Games, Lee Zii Jia đã bỏ cuộc đáng tiếc trong trận gặp Anders Antonsen.</b><br><br>\r\nLee Zii Jia, nhà vô địch SEA Games người Malaysia, là tay vợt có thứ hạng cao nhất của Đông Nam Á ở giải cầu lông thế giới. Sau khi xuất sắc vượt qua 3 vòng đấu, Lee Zii Jia đã lọt vào vòng tứ kết gặp Anders Antonsen.<br>\r\nĐây là tay vợt có thứ hạng thứ 3 thế giới. Trong bối cảnh Kento Momota (bỏ cuộc) và Viktor Axelsen (bị loại từ vòng 1), Anders Antonsen nổi lên như ứng cử viên số một cho chức vô địch.\r\n\r\nTuy nhiên, Anders Antonsen có phần may mắn khi đối đầu với Lee Zii Jia. Ở set đầu tiên, tay vợt người Malaysia đã thi đấu đầy tự tin và giành chiến thắng với tỷ số 21-12.\r\n\r\nSang set 2, Anders Antonsen đã vượt lên giành chiến thắng dễ dàng với tỷ số 21-8. Điều đáng tiếc là Lee Zii Jia đã dính chấn thương ở chân ở thời điểm tự tin. Đó là lý do mà anh thua cách biệt tới vậy.\r\n\r\nTới set 3, Lee Zii Jia đã không thể cố gắng thi đấu và đành bỏ cuộc. Với chiến thắng này, Anders Antonsen đã giành quyền vào bán kết.\r\n<br>\r\nTuy nhiên, Đông Nam Á vẫn còn một đại diện góp mặt ở bán kết là \"hiện tượng\" Loh Kean Yew. Tay vợt người Singapore chính là người đã loại tay vợt số 1 thế giới, Viktor Axelsen ở vòng đầu tiên. Tới vòng tứ kết, anh đã dễ dàng hạ gục tay vợt người Ấn Độ, Prannoy Kumar với tỷ số 21-14 và 21-12.\r\n<br>\r\nỞ vòng bán kết, Loh Kean Yew sẽ đối đầu với Viktor Axelsen. Cặp bán kết còn lại là cuộc chiến nội bộ của hai tay vợt người Ấn Độ là Lakshya Sen và Srikanth Kidambi.', '2021-12-25 19:28:44', NULL, 'PUBLIC', 1, 19),
(25, 'Báo Thái Lan gây sốc, muốn đội nhà dùng cầu thủ dự bị đấu Việt Nam', 'bao-thai-lan-gay-soc-muon-doi-nha-dung-cau-thu-du-bi-dau-viet-nam', 'https://icdn.dantri.com.vn/thumb_w/770/2021/12/25/news202112241648468-1640418592109.jpg', '<b>Trước thềm trận bán kết lượt về AFF Cup 2020, tờ Siam Sports đã lên tiếng khuyên HLV Mano Polking cất một vài trụ cột đã dính thẻ, để sử dụng những cầu thủ dự bị thay thế.</b><br><br>\r\nĐội tuyển Thái Lan đang có trong tay lợi thế lớn trước thềm bán kết lượt về AFF Cup 2020 với đội tuyển Việt Nam sau khi giành chiến thắng 2-0 ở trận lượt đi. Họ chỉ bị loại nếu thua với cách biệt 3 bàn trở lên ở lượt về (nếu Thái Lan thua với cách biệt từ 2 bàn trở lên thì trận đấu sẽ đá hiệp phụ).<br><br>Trong quá khứ, \"Rồng vàng\" từng có ba trận thua ở trận bán kết lượt đi AFF Cup vào các năm 2007, 2010 và 2016. Trong cả ba lần đó, chúng ta đều không thể giành vé vào chung kết. Đó là cơ sở để những người Thái Lan tự tin trước trận đấu.\r\n<br>\r\nTrước tình hình đó, tờ Siam Sports bất ngờ lên tiếng khuyên HLV Mano Polking cần cân nhắc sử dụng 4 cầu thủ trụ cột là thủ môn Chatchai Bootprom, hai hậu vệ cánh Theerathon Bunmathan, Narubadin Weerawatnodom, tiền vệ Kritsada Kaman. Đây là những cầu thủ đã phải nhận thẻ vàng trong trận lượt đi.\r\n<br>\r\nHọ lo ngại rằng nếu các cầu thủ này phải nhận thêm thẻ vàng ở trận lượt về thì sẽ lỡ hẹn trận chung kết. Tờ báo Thái Lan viết: \"HLV Mano Polking cần cân nhắc kỹ càng việc sử dụng 4 cầu thủ Thái Lan đã nhận thẻ vàng ở trận bán kết lượt đi là thủ môn Chatchai Bootprom, hai hậu vệ cánh Theerathon Bunmathan, Narubadin Weerawatnodom, tiền vệ Kritsada Kaman.', '2021-12-25 19:40:20', NULL, 'PUBLIC', 1, 8),
(26, 'Google bị phạt gần 100 triệu USD tại Nga', 'google-bi-phat-gan-100-trieu-usd-tai-nga', 'https://cdn.24h.com.vn/upload/4-2021/images/2021-12-25/1640418022-noi_lam_viec_cua_google_1-1640414076545-width600height369.jpg', '<b>Án phạt mới được tòa án ở Nga đưa ra dành cho ông lớn công nghệ Google bởi nguyên nhân hãng này liên tục phớt lờ yêu cầu xóa bỏ nội dung bị Nga coi là bất hợp pháp.</b><br><br>\r\nNgày 24/12, một tòa án ở Moskva, LB Nga, đã tuyên án phạt Gã khổng lồ công nghệ Google của Mỹ 7,2 tỷ ruble (98 triệu USD) do hãng này tiếp tục từ chối thực hiện việc gỡ bỏ những nội dung không phù hợp với luật pháp Nga.<br>\r\nTừ đầu năm 2021, cũng giống nhiều quốc gia trên thế giới, Nga liên tục gia tăng sức ép đối với các “ông lớn” công nghệ nước ngoài trong nỗ lực tăng cường kiểm soát mạng Internet trong nước, như làm chậm tốc độ của Twitter kể từ tháng 3 và thường xuyên phạt một số công ty khác vì vi phạm nội dung.\r\n\r\nTheo đó các nền tảng mạng xã hội khi hoạt động tại ngã sẽ phải gỡ bỏ những nội dung phổ biến lạm dụng ma túy và các trò giải trí nguy hiểm, thông tin về chất nổ và vũ khí tự chế cũng như vũ khí của các nhóm mà giới chức Nga cho là có tư tưởng cực đoan và khủng bố.\r\n\r\nTrước án phạt này, Google đã phải nộp phạt hơn 32 triệu ruble vì lý do tương tự.\r\n<br>\r\nĐược biết, hồi tháng 7 vừa qua, Tổng thống Nga Putin đã ký thông qua luật mới, yêu cầu các công ty công nghệ thông tin nước ngoài phải mở văn phòng đại diện hoặc chi nhánh tại Nga. Nếu vi phạm sẽ bị chặn một phần hoặc toàn bộ hoạt động. Quy định mới sẽ bắt đầu có hiệu lực từ ngày 1/1/2022.', '2021-12-25 19:44:59', NULL, 'PUBLIC', 2, 19),
(27, 'Ngành công nghiệp game Trung Quốc tăng trưởng chậm do chính sách', 'nganh-cong-nghiep-game-trung-quoc-tang-truong-cham-do-chinh-sach', 'https://cdn.24h.com.vn/upload/4-2021/images/2021-12-21/game-trung-quoc-1640021145-58-width640height384.jpg', '<b>Thị trường game tại Trung Quốc đã tăng trưởng chậm nhất trong 3 năm trở lại đây, chủ yếu do chính sách thắt chặt kiểm soát của Chính phủ nước này.<b><br><br>\r\nTheo một báo cáo do Ủy ban Phát hành Game (GPC) trực thuộc Hiệp hội Xuất bản Nghe nhìn và Kỹ thuật số Trung Quốc (CADPA) xuất bản, doanh thu ròng của ngành game Trung Quốc chỉ tăng trưởng 6,4% trong năm 2021, giảm rất sâu so với mức tăng trưởng 20,7% năm 2020. \r\n\r\nTổng doanh thu của thị trường game tại Trung Quốc đạt mức 296,5 tỷ Nhân dân tệ (46,6 tỷ USD) trong năm 2021, nhưng tốc độ tăng trưởng doanh thu lại ở mức thấp nhất kể từ năm 2018 khi giới quản lý ngừng cấp phép game trong 9 tháng. \r\n\r\nSố người chơi game tại Trung Quốc cũng chững lại, chỉ tăng 0,22% trong năm nay so với 3,7% trong năm 2020. Báo cáo của GPC được xuất bản tại Hội thảo Ngành Công nghiệp Game Trung Quốc diễn ra hàng năm, có sự tham gia của đại diện giới quản lý và các doanh nghiệp trong ngành. \r\n\r\nViệc thị trường game Trung Quốc tăng trưởng chậm lại hẳn diễn ra sau khi giới chức nước này cấm người dưới 18 tuổi chơi game hơn 3 tiếng/1 tuần, cùng lúc đó ngừng cấp phép cho các game mới. Các chính sách này là tín hiệu cho thấy Bắc Kinh nghiêm túc với mục tiêu ngăn ngừa tình trạng nghiện game và khuyến khích nội dung tích cực tới thanh thiếu niên Trung Quốc. \r\n\r\nHiện chưa rõ ngành công nghiệp game sẽ tiếp tục nằm trong tầm ngắm của Bắc Kinh đến khi nào. Một số chuyên gia phân tích cho rằng do khung pháp lý đã được thắt chặt, giới chức Trung Quốc sẽ có cách tiếp cận nhẹ tay hơn trong năm 2022. Tuy nhiên, trong những tháng gần đây, các cơ quan quản lý đã nhắc nhở và xử phạt các công ty chưa có chính sách chặt chẽ nhằm ngăn ngừa trẻ em vượt qua các cơ chế giới hạn thời gian chơi và giả danh người lớn khi đăng ký tài khoản game. \r\n<br>\r\nTại hội thảo, Cục trưởng Cục Xuất bản Quốc gia thuộc Bộ Tuyên truyền Trung ương cho biết cục đang nỗ lực loại bỏ các game không được cấp phép và xóa bỏ hành vi thay đổi nội dung game sau khi được cấp phép. Mục tiêu ngăn ngừa “mở rộng tư bản thiếu trật tự” của chính phủ Trung Quốc nhắm trực tiếp vào hoạt động mua bán - sáp nhập diễn ra thường xuyên trong ngành game tại nước này. Bên cạnh đó, chính phủ Trung Quốc dự kiến sẽ khởi động chiến dịch nhằm tăng cường “năng lượng tích cực” trong game và khuyến khích phát triển game với “chủ đề tốt, ý tưởng vượt trội và chất lượng sản xuất tốt” vào năm sau. \r\n<br>\r\nTrong vài năm gần đây, Bắc Kinh đã càng ngày càng bày tỏ rõ mong muốn game cần thể hiện các giá trị Trung Quốc. Tháng 9 vừa qua, các quan chức quản lý Trung Quốc đã gặp mặt với nhiều công ty game trong nước và nhắc nhở các công ty này rằng game không còn là “hình thức giải trí đơn thuần phi chính trị”, mà là một dạng nghệ thuật cần nêu bật “hệ giá trị đúng đắn” và cách hiểu đúng lịch sử và văn hóa Trung Quốc.', '2021-12-25 19:46:54', NULL, 'PUBLIC', 2, 19),
(28, 'Ô tô Trung Quốc Hongqi H9 được \"thét giá\" 9 tỷ đồng tại Hà Nội', 'o-to-trung-quoc-hongqi-h9-duoc-thet-gia-9-ty-dong-tai-ha-no', 'https://icdn.dantri.com.vn/thumb_w/770/2021/12/24/o-to-trung-quoc-hongqi-h9-duoc-het-gia-9-ty-dong-kem-loi-hua-hen-quay-cho-rollsroyce-toi-sam-matdocx-1640364825163.jpeg', '<b>Mẫu xe Hongqi H9 được mệnh danh là Rolls-Royce Trung Quốc, đang được một đại lý tư nhân tại Việt Nam báo giá lên tới 9 tỷ đồng, kênh giá hơn 4 lần so với thị trường nội địa gây xôn xao cộng đồng mạng.</b><br><br>Theo đó, một doanh nghiệp tư nhân có địa chỉ tại Hà Nội đã thông báo trên fanpage rằng mẫu xe Hongqi H9, được mệnh danh là \"Rolls-Royce Trung Quốc\", có giá khoảng 9 tỷ đồng, \"hứa hẹn đánh bật Bentley Mulsanne, cho Rolls-Royce tối sầm mặt mũi\". \r\n\r\nNgay lập tức, thông tin này đã gây xôn xao cộng mạng vì mức giá quá cao, trong khi mẫu xe này tại quê nhà hiện có giá chưa đến 2 tỷ đồng. Nếu được nhập khẩu về Việt Nam, cộng thêm các loại thuế, chi phí vận chuyển thì cũng không đến mức 9 tỷ đồng.<br><br>\r\nNhiều người dùng mạng xã hội đã mỉa mai thông tin mức giá mà đại lý trên thông báo về mẫu xe này. Một tài khoản có tên Facebook H.B.L bình luận rằng: \"Kích thước mẫu xe cũng chỉ bằng dòng Mercedes-E bán giá cao hơn dòng S, đại lý có ghi nhầm 1,9 tỷ không? Trong khi, mẫu xe này giá bên Trung Quốc chỉ có hơn 1 tỷ\".\r\n\r\nMẫu xe Hongqi H9 được thiết kế lai giữa dòng Mercedes-Maybach với hai tông màu ngoại thất, đuôi xe giống Cadillac XTS và phần đầu với lưới tản nhiệt mang hơi hướng trên những mẫu xe của Rolls-Royce.', '2021-12-25 19:50:58', NULL, 'PUBLIC', 3, 8),
(29, 'Lê Âu Ngân Anh đeo túi 1,6 tỷ đồng dạo phố, set đồ toả sáng cả con đường', 'le-au-ngan-anh-deo-tui-16-ty-dong-dao-pho-set-do-toa-sang-ca-con-duong', 'https://cdn.24h.com.vn/upload/4-2021/images/2021-12-05/Le-au-Ngan-Anh-deo-tui-16-ty-dong-dao-pho-toa-sang-ca-con-duong-batch_262980690_3757175397841216_84730893474909758-1638700576-219-width900height1351.jpg', '<b>Được biết, đây là chiếc túi đắt nhất trong bộ sưu tập túi hiệu của Lê Âu Ngân Anh.</b><br><br>\r\nKhông còn hoạt động showbiz nhiều như trước, Lê Âu Ngân Anh đầu tư hơn vào công việc giảng dạy. Mới đây, cô thông báo tin vui với người hâm mộ khi được bổ nhiệm chức Giám đốc quản trị sự kiện Đại học Hoa Sen. Không những xinh đẹp, có học thức, Lê Âu Ngân Anh còn nhận được lời khen khi sở hữu gu thời trang ấn tượng.\r\n<br>\r\nLê Âu Ngân Anh đầu tư khá nhiều cho phong cách thời trang đi dạy học. Từ cách chọn màu sắc tới phom dáng của trang phục đều được cô tính toán cẩn thận. \r\n<br>\r\nMới đây, xuất hiện trên đường phố, nàng hậu khoe outfit thời trang cuốn hút. Cô mặc chiếc áo dạ màu hồng buông cúc hờ hững. Để tôn lên đôi chân thon dài, nàng hậu mặc chân váy ngắn và chân da chân cùng tông màu. Đặc biệt nhất là chiếc túi hiệu Hermes trị giá 1,6 tỷ đồng của cô. Được biết, đây là chiếc túi đắt nhất mà Lê Âu Ngân Anh đang sở hữu. Chiếc túi của cô thuộc dòng Hermes Birkin, màu hồng điệu đà.', '2021-12-25 19:57:26', NULL, 'PUBLIC', 4, 19),
(30, ' NTK Adrian Anh Tuấn và NTK Đức Duy khiến giới mộ điệu thổn thức', 'ntk-adrian-anh-tuan-va-ntk-duc-duy-khien-gioi-mo-dieu-thon-thuc', 'https://cdn.24h.com.vn/upload/4-2021/images/2021-12-25/dem-thu-2-cua-VIFF-2021-NTK-Adrian-Anh-Tuan-va-NTK-duc-Duy-khien-gioi-mo-dieu-thon-thuc-nha-thiet-ke-1-1640396046-860-width660height440.jpg', '<b>Sàn runway của Lễ hội thời trang quốc tế Việt Nam VIFF thuộc chuỗi sự kiện thời trang âm nhạc chào đón giáng sinh và năm mới tiếp tục “nóng” lên với màn ra mắt các bộ sưu tập của 2 nhà thiết kế là Adrian Anh Tuấn và Đức Duy trong đêm 23/12.</b>\r\n<br><br>Đêm thứ 2 của chuỗi sự kiện Lễ hội thời trang quốc tế Việt Nam - Vietnam International Fashion Festival 2021 (VIFF) tiếp tục thu hút sự chú ý của đông đảo tín đồ thời trang khi mang đến những màn trình diễn ấn tượng từ các nhà mốt nổi tiếng. Spotlight của đêm diễn thuộc về nhà thiết kế (NTK) Adrian Anh Tuấn với bộ sưu tập (BST) Day Dreams nổi bật với những bộ cánh rực rỡ, phóng khoáng và NTK Đức Duy với BST I AM… YOURS vừa hiện đại vừa cổ điển, đồng thời mang tính ứng dụng cao.<br>\r\nBST Day Dreams của NTK Adrian Anh Tuấn được lấy cảm hứng từ một ngày đầu hè chu du trên thuyền ở vùng biển xanh, nắng vàng tại Novaworld Phan Thiết. Day Dreams thực sự đã khơi gợi nên hình ảnh buổi chiều hoàng hôn nhẹ nhàng với ánh mặt trời phản chiếu lấp lánh trên mặt biển qua những thiết kế có tông vàng cam, hồng tím chủ đạo.', '2021-12-25 19:55:57', NULL, 'PUBLIC', 4, 8),
(31, 'Biệt thự hình ruộng bậc thang của doanh nhân Việt \"gây sốt\"', 'biet-thu-hinh-ruong-bac-thang-cua-doanh-nhan-viet-gay-sot', 'https://cdn.24h.com.vn/upload/4-2021/images/2021-12-25//1640428031-4a825b140c7db81fefe200734bfa0dd6-width1365height2048.jpg', '<b>Nhờ lối thiết kế đặc biệt, biệt thự có mặt tiền hình ruộng bậc thang của gia đình doanh nhân Việt được nhiều tờ báo của nước ngoài đưa tin và ca ngợi.</b><br><br>\r\nChủ đầu tư của công trình này là hai vợ chồng doanh nhân. Trong khi người chồng yêu thích phong cách độc đáo và sáng tạo thì người vợ lại thích những gì thiết thực và tiện lợi. Để đáp ứng nhu cầu của cả hai, kiến trúc sư (KTS) đã tạo ra ngôi biệt thự màu trắng trong hình.', '2021-12-25 20:03:24', NULL, 'PUBLIC', 6, 19),
(32, 'Vụ nữ du khách trôi 17 giờ trên biển: Chưa tìm thấy 2 nạn nhân còn lại', 'vu-nu-du-khach-troi-17-gio-tren-bien-chua-tim-thay-2-nan-nhan-con-lai', 'https://icdn.dantri.com.vn/thumb_w/770/2021/12/25/vu-nu-du-khach-troi-17-gio-tren-bien-van-chua-tim-thay-2-nan-nhan-con-lai-2-1640425426957.jpeg', '<b>Trao đổi với phóng viên, nữ du khách trôi 17 giờ trên biển cho hay, hiện tại cô rất mệt mỏi. Cô mong lực lượng chức năng sớm tìm được 2 bạn đồng hành vẫn còn mất tích.</b><br><br>\r\nNgày 25/12, đại diện lãnh đạo Ban quản lý bán đảo Sơn Trà Đà Nẵng và các bãi biển du lịch Đà Nẵng cho hay, hiện tại đơn vị vẫn đang huy động phương tiện, lực lượng và thuê thêm tàu cá của ngư dân tiếp tục tìm kiếm 2 người được cho là mất tích vì lật thuyền kayak xảy ra ngày 20/12 vừa qua.<br>Hiện các lực lượng được huy động hoạt động liên tục trên biển để tìm kiếm 2 nạn nhân được cho là mất tích; phạm vi tìm kiếm kéo dài từ vùng biển tỉnh Quảng Nam đến tỉnh Thừa Thiên Huế. Đến nay vẫn chưa tìm thấy tung tích của 2 nạn nhân này.\r\n\r\nTrao đổi với phóng viên Dân trí qua điện thoại, nữ du khách bị trôi 17 giờ trên biển cho hay, hiện cô rất mệt mỏi. Cô rất lo lắng cho số phận của 2 người đi cùng và mong muốn cơ quan chức năng sớm tìm thấy 2 người này.\r\n<br>\r\nTrao đổi với phóng viên, lãnh đạo Ban quản lý bán đảo Sơn Trà Đà Nẵng và các bãi biển du lịch Đà Nẵng cho biết, hiện nay vào mùa đông, thời tiết phức tạp, biển động gây ảnh hưởng đến sự an toàn của người đi tắm biển và tham gia các hoạt động vui chơi giải trí dưới nước.\r\n<br>\r\nBan quản lý khuyến cáo người chơi sup, thuyền kayak tại các bãi biển trên địa bàn không tham gia hoạt động khi có thời tiết cực đoan, biển động mạnh; không chèo sup quá xa bờ; không sử dụng chất kích thích khi tham gia chơi sup.\r\n<br>\r\nNgoài ra, không tham gia chơi sup khi có tiền sử bệnh lý về xương khớp, bệnh tim mạch, thần kinh; không lặn vào vùng bảo vệ san hô khi chưa được sự cho phép của cơ quan chức năng; mặc áo phao và cài dây bảo hộ vào chân trong suốt thời gian chèo sup, kayak; nên đi theo nhóm để hỗ trợ nhau khi có sự cố xảy ra. Đặc biệt, liên hệ lực lượng cứu hộ và trật tự tại khu vực để được hướng dẫn tham gia.', '2021-12-25 19:59:53', NULL, 'PUBLIC', 5, 8),
(33, 'Honda Winner X mới có thêm tiện ích, tăng sức cạnh tranh với Yamaha Exciter', 'honda-winner-x-moi-co-them-tien-ich-tang-suc-canh-tranh-voi-yamaha-exciter', 'https://icdn.dantri.com.vn/thumb_w/770/2021/12/24/honda-winner-x-2022-1-1640306556985.jpeg', '<b>Mẫu xe côn tay được Honda bổ sung khóa thông minh, cổng sạc USB, tinh chỉnh ống xả thấp hơn giúp Winner X thêm phần hấp dẫn trước đối thủ Yamaha Exciter.</b>\r\n<br><br>Phiên bản 2022 của Winner X khắc phục được một số chi tiết chưa hợp lý của model trước. Trong đó phần mặt nạ được thiết kế góc cạnh, tạo hình sắc sảo. Đặc biệt là cụm đèn xi-nhan được làm ôm sát vào hai bên hông xe, hạn chế nguy cơ bị gãy hay hư hỏng so với kiểu thiết kế rời trước đây.<br>\r\nNgoài ra, ống xả được tinh chỉnh với góc thoát được đặt nghiêng và thấp hơn 20 độ so với trước đây. Nhờ vậy mà người đi phía sau chiếc Winner X 2022 đã không còn xả thẳng vào mặt, gây ảnh hưởng tới xung quanh, đặc biệt là khi đi chậm trong phố đông đúc hay lúc dừng chờ đèn đỏ.\r\n\r\nWinner X mới được bán ra với ba phiên bản. Trong đó xe Tiêu chuẩn có 4 màu cùng mức giá 46,09 triệu đồng, trang bị phanh thường. Winner X bản đặc biệt có 3 màu phối nổi bật hơn, trang bị phanh ABS, giá bán 49,99 triệu đồng. Bản Thể thao tương tự vậy nhưng sở hữu màu đỏ-đen, giá 50,49 triệu đồng.\r\n<br><br>Trên hai phiên bản Đặc biệt và Thể thao, Honda còn bổ sung cổng sạc USB. Trong khi đó, chìa khóa thông minh trở thành trang bị tiêu chuẩn cho cả ba phiên bản. Thế hệ smartkey trên Winner X 2022 tích hợp tính năng mã hóa an toàn, cảnh báo chống trộm, tìm vị trí xe, khởi động hệ thống điện. \r\n\r\nMẫu côn tay của Honda tiếp tục sử dụng động cơ 150 phân khối, trục cam kép DOHC cho công suất 11,5 mã lực tại tua máy 9.000 vòng/ phút. Mô-men cực đại 13,5 Nm tại 6.500 vòng/ phút. Hộp số 6 cấp. Hệ thống làm mát bằng dung dịch. Mức tiêu thụ nhiên liệu trên Nhãn năng lượng là 1,99 lít cho 100 km. \r\n\r\nVới việc tinh chỉnh xe theo hướng lắng nghe người dùng, thêm trang bị nhưng giá không đổi, Winner X 2022 được kỳ vọng sẽ thêm phần hấp dẫn. Đối thủ đáng kể nhất của mẫu xe này là Yamaha Exciter, có thể mạnh khi đi trước trong phân khúc và theo đuổi phong cách thể thao.\r\n', '2021-12-25 19:53:01', NULL, 'PUBLIC', 3, 19),
(34, 'Bộ Xây dựng: Đấu giá cao bất thường có thể tác động tiêu cực tới thị trường', 'bo-xay-dung-dau-gia-cao-bat-thuong-co-the-tac-dong-tieu-cuc-toi-thi-truong', 'https://icdn.dantri.com.vn/thumb_w/770/2021/12/22/1copy16392095565811639213686418-1640173184851.jpeg', '<b>Theo Bộ Xây dựng, một số trường hợp giá trúng đấu giá cao gấp nhiều lần so với giá khởi điểm. Có trường hợp cao bất thường có thể tạo tác động tiêu cực đối với thị trường nhà ở, bất động sản.</b><br><br>Thứ trưởng Bộ Xây dựng Nguyễn Văn Sinh vừa ký văn bản gửi UBND các tỉnh, thành phố trực thuộc Trung ương đánh giá, kiểm soát nguy cơ xảy ra bong bóng bất động sản và tăng cường công tác quản lý tình hình thị trường bất động sản.\r\n\r\nTheo lãnh đạo Bộ Xây dựng, trong thời gian vừa qua, do tình hình dịch bệnh Covid-19 diễn biến phức tạp, nhiều địa phương đã phải thực hiện giãn cách xã hội trong thời gian dài gây ảnh hưởng đến nhiều lĩnh vực của nền kinh tế trong đó có thị trường bất động sản.\r\n\r\nSau khi có quy định về nới lỏng giãn cách xã hội, thị trường bất động sản đã có những dấu hiệu phục hồi đáng kể, lượng giao dịch, giá bất động sản có xu hướng tăng cao. Tuy nhiên lãnh đạo Bộ Xây dựng cho rằng sự phát triển của thị trường bất động sản chưa thực sự bền vững, còn tiềm ẩn yếu tố rủi ro; tình trạng các tổ chức, cá nhân và doanh nghiệp vi phạm quy định pháp luật còn xảy ra tại một số địa phương; cơ sở dữ liệu, thông tin về thị trường bất động sản chưa đầy đủ, thiếu minh bạch; công tác thanh tra, kiểm tra và xử lý vi phạm chưa đáp ứng yêu cầu quy định.\r\n\r\nĐáng chú ý tại một số địa phương đã xảy ra các vụ việc, hiện tượng như: doanh nghiệp triển khai việc kinh doanh bất động sản chưa đủ điều kiện pháp lý; chuyển nhượng đất đai, kinh doanh bất động sản trái quy định; thực hiện các dự án phân lô, bán nền trên diện tích đất nông nghiệp, đất phi nông nghiệp không phải là đất ở; thực hiện giao dịch mua bán, chuyển nhượng nhà, đất khi chưa đáp ứng đầy đủ điều kiện, cơ sở pháp lý...\r\n\r\nNhững vấn đề nêu trên gây ảnh hưởng tới tình hình phát triển kinh tế - xã hội và sự phát triển lành mạnh của thị trường bất động sản. Một số trường hợp giá trúng đấu giá cao gấp nhiều lần so với giá khởi điểm (có trường hợp cao bất thường có thể tạo tác động tiêu cực đối với thị trường nhà ở, bất động sản).\r\n\r\nTrước tình hình nêu trên, lãnh đạo Bộ Xây dựng đề nghị UBND các tỉnh, thành phố trực thuộc Trung ương khẩn trương chỉ đạo triển khai các nhiệm vụ được giao tại Công điện số 1767/CĐ-TTg ngày 21/12/2021 của Thủ tướng Chính phủ về tình hình thực hiện đấu giá quyền sử dụng đất trong thời gian qua.\r\n<br>\r\nTheo đó, đề nghị UBND các tỉnh, thành phố trực thuộc Trung ương tập trung rà soát, kiểm tra hoạt động của các tổ chức đấu giá quyền sử dụng đất đối với những trường hợp có biểu hiện bất thường; đánh giá tình hình, kết quả đấu giá quyền sử dụng đất đặc biệt là tác động của các trường hợp có kết quả đấu giá cao bất thường, gấp nhiều lần giá khởi điểm đến mặt bằng giá đất, nhà ở, đến thị trường (cung, cầu) nhà ở, bất động sản trên địa bàn.\r\n<br>\r\nBộ cũng yêu cầu các địa phương tổng hợp thông tin, đánh giá, nhận định về khả năng tiềm ẩn nguy cơ xảy ra \"bong bóng\" hoặc các diễn biến bất thường khác, dự báo tình hình thị trường bất động sản trong thời gian tới tại địa phương.\r\n<br>\r\nĐồng thời tập trung chỉ đạo các cơ quan chức năng của địa phương tăng cường công tác quản lý, giám sát, kiểm tra và thanh tra; có giải pháp phù hợp nhằm ngăn chặn hiện tượng tung tin đồn thổi, đầu tư theo tâm lý đám đông... gây bất ổn cho thị trường, ảnh hưởng xấu đến an ninh trật tự xã hội địa phương và đời sống của người dân.', '2021-12-25 20:29:19', NULL, 'PUBLIC', 6, 19),
(35, 'Khẩn: Tăng cường giám sát, đảm bảo chất lượng xét nghiệm SARS-CoV-2', 'khan-tang-cuong-giam-sat-dam-bao-chat-luong-xet-nghiem-sarscov2', 'https://icdn.dantri.com.vn/thumb_w/770/2021/09/09/xn9209-crop-crop-1631160944266.jpeg', '<b>Cục Quản lý Khám chữa bệnh, Bộ Y tế vừa có công văn khẩn yêu cầu các trung tâm kiểm tra chất lượng xét nghiệm việc tăng cường giám sát, bảo đảm chất lượng xét nghiệm SARS-CoV-2.</b>\r\n<br><br>Công văn được gửi tới lãnh đạo các Trung tâm Kiểm chuẩn chất lượng xét nghiệm y học thuộc Trường Đại Học Y Hà Nội, Trường Đại Học Y Dược TPHCM và Trung tâm kiểm chuẩn xét nghiệm TPHCM.\r\n<br>\r\nTheo đó, hiện nay tình hình dịch Covid-19 vẫn đang diễn biến khó lường trước nguy cơ xuất hiện biến chủng Omicron được đánh giá là có khả năng lây lan nhanh hơn chủng Delta, hơn nữa dịch bệnh vẫn đang diễn biến phức tạp tại một số địa phương. Công tác xét nghiệm đã và đang được triển khai tích cực để kịp thời phát hiện, điều trị, ngăn ngừa, cách ly người bệnh góp phần khống chế dịch Covid-19.<br><br>\r\nTuy nhiên, để tiếp tục tăng cường bảo đảm chất lượng xét nghiệm SARS-CoV-2, Cục yêu cầu lãnh đạo các Trung tâm kiểm chuẩn chất lượng xét nghiệm trước mắt tập trung tăng cường công tác bảo đảm chất lượng xét nghiệm, đánh giá chất lượng sinh phẩm xét nghiệm, trong đó tập trung vào xét nghiệm SARS-CoV-2.\r\n\r\nĐồng thời, tiếp tục thực hiện các giải pháp chuyên môn theo chức năng, nhiệm vụ được giao để hỗ trợ các đơn vị thực hiện tốt công tác quản lý chất lượng xét nghiệm, đặc biệt là xét nghiệm SARS-CoV-2.\r\n<br>\r\nCác đơn vị chủ động, tích cực theo dõi kiểm tra, giám sát, phân tích nguyên nhân, hạn chế, bài học kinh nghiệm và đề xuất giải pháp kịp thời để duy trì, cải tiến liên tục nâng cao chất lượng xét nghiệm trong cơ sở khám bệnh, chữa bệnh.\r\n<br>\r\nCục yêu cầu các đơn vị định kỳ hằng tháng báo cáo.', '2021-12-25 20:08:19', NULL, 'PUBLIC', 7, 19),
(36, 'Cả nước còn hơn 7.700 bệnh nhân Covid-19 nặng, nguy kịch', 'ca-nuoc-con-hon-7700-benh-nhan-covid19-nang-nguy-kich', 'https://icdn.dantri.com.vn/thumb_w/770/2021/12/25/benhnhannang221638870953237-1640402509317.jpg', '<b> Đến nay, số ca Covid-19 tại Việt Nam đã vượt qua con số 1,6 triệu, với hơn 30.000 trường hợp tử vong. Số mắc mới và tử vong có chiều hướng gia tăng trở lại trong tháng 12.</b><br><br>\r\nTheo thống kê của Bộ Y tế, kể từ đầu dịch đến nay Việt Nam có hơn 1,6 triệu ca nhiễm, đứng thứ 31/223 quốc gia và vùng lãnh thổ. Bình quân cứ một triệu người có 16.434 ca. Trong đó số mắc ghi nhận chủ yếu trong đợt dịch thứ 4, số mắc trong 3 đợt dịch trước chỉ dưới 3.000 ca. \r\n\r\nViệt Nam cũng đã có hơn 30.000 trường hợp tử vong tại 51 tỉnh, thành phố, chiếm 1,9% so với tổng số ca nhiễm.\r\n\r\nCả nước hiện còn hơn 300.000 bệnh nhân đang được điều trị, giám sát. Trong số này có hơn 7.700 ca nặng, nguy kịch, chủ yếu là các trường hợp thở oxy qua mặt nạ, thở oxy dòng cao HFNC, có 890 bệnh nhân phải thở máy xâm lấn và 19 trường hợp phải can thiệp ECMO. <br><br>Trong đợt dịch thứ 4, TPHCM là địa phương có tổng số mắc và tử vong cao nhất cả nước, với gần 500.000 ca mắc và hơn 19.500 trường hợp tử vong. Sau đó là Bình Dương với gần 300.000 ca và hơn 3.000 người tử vong, tiếp theo là Đồng Nai với hơn 96.000 ca mắc và hơn 1.200 ca tử vong. \r\n<br>\r\nTPHCM hiện có khoảng 60.000 bệnh nhân đang điều trị, với gần 2.600 ca nặng, nguy kịch. TP Hà Nội với số ca mắc mới tăng cao những ngày gần đây hiện có gần 20.000 bệnh nhân đang điều trị, với gần 300 ca nặng, nguy kịch. \r\n<br>\r\nBộ Y tế nhận định số ca mắc cộng đồng và tử vong tiếp tục có xu hướng gia tăng nhanh ở nhiều địa phương trên cả nước (trong tuần số mắc cộng đồng tăng tại 41 tỉnh, thành phố).', '2021-12-25 20:10:26', NULL, 'PUBLIC', 7, 19),
(37, 'Bộ GD-ĐT lên tiếng về đề thi tốt nghiệp THPT môn Sinh bị \"tố\"', 'bo-gddt-len-tieng-ve-de-thi-tot-nghiep-thpt-mon-sinh-bi-to', 'https://icdn.dantri.com.vn/thumb_w/770/2021/07/20/thitnthpt751625713639118-1626792879002.jpg', '<b>Liên quan đến bất thường ở đề thi Sinh, Kỳ thi tốt nghiệp THPT 2021 bị \"tố\" 80% giống đề ôn tập của một giáo viên ở Hà Tĩnh, chiều 23/12, Thứ trưởng Bộ GD-ĐT Nguyễn Hữu Độ đã có trả lời báo chí.</b><br><br>Theo Thứ trưởng Độ, thông qua công tác quản lý, giám sát của Bộ Giáo dục và Đào tạo cũng như nắm bắt các thông tin, ý kiến từ dư luận, Bộ đã ghi nhận yếu tố không bình thường liên quan đến việc luyện thi và đề thi môn Sinh học tại Kỳ thi tốt nghiệp THPT năm 2021.\r\n\r\nNgay khi có thông tin, tháng 8/2021, Lãnh đạo Bộ Giáo dục và Đào tạo đã chỉ đạo kiểm tra vấn đề này.\r\n<br>\r\nBộ đã chủ động phối hợp cùng cơ quan công an thành lập Tổ công tác liên ngành để xác minh, làm rõ các yếu tố liên quan đến sự trùng lặp giữa nội dung ôn thi môn Sinh học của một giáo viên ở Hà Tĩnh với đề thi tốt nghiệp THPT môn này.\r\n<br>\r\nTổ công tác liên ngành của Bộ Giáo dục và Đào tạo và Bộ Công an đã làm việc nghiêm túc, chặt chẽ, chi tiết và khách quan.\r\n\r\n Hiện nay, Bộ Giáo dục và Đào tạo đang xem xét trách nhiệm cá nhân, tổ chức có liên quan để xử lý theo quy định.\r\n\r\nMặt khác, Lãnh đạo Bộ đã và đang chỉ đạo triển khai ngay việc rà soát, điều chỉnh các khâu có liên quan tới kỳ thi, đặc biệt là khâu đề thi để bảo đảm việc tổ chức thi thời gian tới được chặt chẽ nhất.\r\n<br>\r\nTrao đổi với PV Dân trí ngày 22/12, về thông tin ồn ào trên mạng xã hội liên quan đến đề thi tốt nghiệp THPT 2021 môn Sinh học, thầy Đinh Đức Hiền cho biết đã nắm được thông tin qua báo chí.\r\n<br>\r\nThầy cho rằng cần làm rõ có sai phạm xảy ra trong quy trình làm đề thi THPT 2021 hay không.\r\n<br>\r\nCụ thể, thầy Đinh Đức Hiền cho hay, theo quy chế thi THPT, đầu tiên thư ký hội đồng ra đề (cán bộ thuộc Bộ GD-ĐT) sẽ rút các câu hỏi ngẫu nhiên trong ngân hàng đề bằng phần mềm chuyên dụng.\r\n<br>\r\nNgân hàng đề này chứa hàng ngàn câu hỏi khác nhau, gồm các câu hỏi đã chuẩn hóa do các giáo viên, chuyên gia tham gia xây dựng, đóng góp, và tất cả các câu hỏi đều phải ký bảo mật.\r\n<br>\r\nCác câu hỏi này sẽ được tạo thành 16 đề thô. Sau khi có đề thô, tổ ra đề thi tốt nghiệp THPT môn Sinh học sẽ chọn ra ngẫu nhiên 4 mã đề bằng phần mềm chuyên dụng.\r\n', '2021-12-25 20:12:59', NULL, 'PUBLIC', 8, 19),
(38, 'Để sổng 9 con sói, vườn thú phải đóng cửa khẩn cấp', 'de-song-9-con-soi-vuon-thu-phai-dong-cua-khan-cap', 'https://icdn.dantri.com.vn/thumb_w/770/2021/12/25/soiguardian-1640399812733.jpg', '<b>Để nhanh chóng khống chế sự việc nhằm đưa lại sự an toàn cao nhất, 4 con sói đã bị nhân viên vườn thú bắn chết, 5 con còn lại đã kịp thời được gây mê tại hiện trường.</b><br><br>\r\nNhà chức trách tại Pháp đã tạm thời yêu cầu vườn thú Trois Vallées đóng cửa sau khi một đàn sói gồm 9 con sói đã sổng khỏi chuồng trong khung thời gian vườn thú mở cửa đón du khách. Chỉ tới khi vấn đề đã được làm rõ và được xử lý ổn thỏa, vườn thú mới có thể hoạt động trở lại.\r\n<br>\r\nKhông có ai bị thương trong sự việc vừa xảy ra vào cuối tuần qua. Vườn thú Trois Vallées nằm ở xã Montredon-Labessonnié, tỉnh Tarn. Sự việc này vừa chính thức được nhà chức trách địa phương xác nhận với truyền thông Pháp.\r\n<br>\r\nÔng Sauveur Ferrara, chủ của vườn thú, cho biết bầy sói vừa được đưa tới vườn thú và là những \"cư dân\" mới tại nơi này. Bầy sói đã cùng... \"hiệp lực\" để phá hủy những thiết bị an ninh lắp đặt trong chuồng và sau đó đồng loạt thoát ra khỏi chuồng, điều may mắn là không có con sói nào kịp thoát ra khỏi vườn thú.\r\n<br>\r\nÔng Sauveur Ferrara cũng cho biết rằng vì cách phản ứng bất thường và nguy hiểm của một số con sói, nên nhân viên vườn thú đã buộc phải bắn chết 4 con. Ngay khi ban quản lý công viên phát hiện sự việc đàn sói sổng chuồng, những du khách có mặt tại vườn thú đã được các nhân viên vườn thú hỗ trợ rời khỏi khu vực nguy hiểm.', '2021-12-25 20:16:32', NULL, 'PUBLIC', 9, 8),
(39, 'Chuyên gia phát sợ bà bầu uống 4 quả dừa, 3 lít nước vì sợ cạn ối', 'chuyen-gia-phat-so-ba-bau-uong-4-qua-dua-3-lit-nuoc-vi-so-can-oi', 'https://icdn.dantri.com.vn/thumb_w/770/2021/12/24/pgs-anh-1640363463695.jpeg', '<b>PGS.TS Nguyễn Duy Ánh, Giám đốc BV Phụ sản Hà Nội cho biết, hiện tượng cạn ối khi mang thai không phải do uống ít nước. Tuyệt đối không uống 4 quả dừa, 3 lít nước mỗi ngày như nhiều bà bầu đang làm.</b><br><br>PGS.TS Nguyễn Duy Ánh, Giám đốc BV Phụ sản Hà Nội cảnh báo như tại Hội nghị khoa học và chỉ đạo tuyến ngành sản phụ khoa Hà Nội năm 2021.\r\n\r\nTheo PGS Ánh, thực tế, nhiều thai phụ trong quá trình mang thai bị cạn ối, có những trường hợp không thể giữ thai.\r\n\r\nTại Bệnh viện Phụ sản Hà Nội, các chuyên gia báo cáo về đề tài về truyền ối để cứu em bé ở những bà mẹ bị cạn ối.\r\n\r\nTrong đó đáng chú ý, có trường hợp thành công khi thai 23 tuần tuổi đã cạn ối, thai nhi ít cử động ở thai phụ hiếm muộn, 6 năm chữa trị mới có con.\r\n<br>\r\n\"Khi siêu âm, thấy rõ hầu như không còn một chút ối nào, em bé nằm yên không cử động. Tuy nhiên, sau khi truyền ối thành công, cử động thai nhi tốt hơn, em bé \"uống\" những ngụm ối rất to\", báo cáo của BV Phụ sản Hà Nội cho biết.', '2021-12-25 20:35:36', NULL, 'PUBLIC', 7, 19),
(40, 'Kim Jones ra mắt bộ sưu tập \"On the Road\" tri ân tác giả Jack Kerouac', 'kim-jones-ra-mat-bo-suu-tap-on-the-road-tri-an-tac-gia-jack-kerouac', 'https://cdn.24h.com.vn/upload/4-2021/images/2021-12-15/Kim-Jones-ra-mat-bo-suu-tap-0-1639562407-558-width600height400.jpg', '<b>Là một người ưa thích những sự kết hợp độc đáo trong ngành thời trang, Kim Jones đã hợp tác với những người nổi tiếng như Kaws, Daniel Arsham, Peter Doig và Amoako Boafo để ra mắt những thiết kế quần áo nam được săn đón nhất mùa.</b><br><br>Là một người ưa thích những sự kết hợp độc đáo trong ngành thời trang, Kim Jones đã hợp tác với những người nổi tiếng như Kaws, Daniel Arsham, Peter Doig và Amoako Boafo để ra mắt những thiết kế quần áo nam được săn đón nhất mùa. Nhưng hôm nay, khi trở về quê hương London của mình, Jones đã chọn để ra mắt bộ sưu tập sách hiếm mang tính cá nhân cao của mình kết hợp với bộ sưu tập Pre-Fall của Dior Men trong một sự hợp tác đầy tôn kính với những bộ óc vĩ đại của Jack Kerouac, Virginia Wolff, Alan Ginsberg , Neal Cassady, và những người cùng thời với Thế hệ Beat của họ.', '2021-12-25 20:45:30', NULL, 'PUBLIC', 4, 19),
(41, 'Giải mã lý do vì sao xe máy nhanh xuống mã', 'giai-ma-ly-do-vi-sao-xe-may-nhanh-xuong-ma', 'https://icdn.dantri.com.vn/thumb_w/770/2021/12/24/finaldocx-1640337251522.jpeg', '<b> Thói quen ít hoặc không chăm sóc và bảo dưỡng xe định kỳ theo khuyến cáo của nhà sản xuất khiến xe máy nhanh xuống mã, phụ tùng nhanh hao mòn mà còn không đảm bảo an toàn cho người sử dụng.<br><br>Thói quen xấu rút ngắn tuổi thọ của xe</b><br><br>Chiếc xe máy tay ga của chị Phan Thu Hường (Đống Đa, Hà Nội) mới sử dụng được hơn 4 năm mà dạo gần đây có cảm giác xe bị giảm công suất, trở nên ì, không còn bốc và xuất hiện âm thanh lạ. Mang xe đến đại lý để kiểm tra, chị không khỏi ngỡ ngàng khi được thông báo phải thay thế lại khá nhiều bộ phận phụ tùng bị hao mòn. Chị Hường cho biết: \"Cứ chạy xe thôi chứ tôi cũng không nhớ lần gần đây nhất mình thay dầu máy và bảo dưỡng khi nào, chắc cũng cả năm rồi. Phát hiện xe có vấn đề nên tôi mang đến đại lý sửa chữa, thay thế phụ tùng tiêu hao nhanh lên cả triệu đồng, thật là tai hại quá\".\r\n\r\nCác chuyên gia cho biết, việc sử dụng xe mà không thay dầu nhớt và bảo dưỡng định kỳ sẽ khiến chiến xe vận hành tốn xăng, nhanh nóng máy, giảm công suất vận hành, động cơ bị mài mòn nhanh chóng và dẫn đến có thể làm hỏng nhiều bộ phận của xe như xích cam, biên xe, phớt đồng xu - páp, cam cò, xéc măng, pít - tông, xi - lanh…<br><br>Để có được trạng thái hoạt động tốt nhất và bảo đảm an toàn khi vận hành, xe máy cần phải được bảo dưỡng và chăm sóc thường xuyên.\r\n\r\nTheo khuyến cáo từ hãng xe máy Yamaha Motor, người sử dụng cần phải tham gia đầy đủ chương trình bảo dưỡng xe định kỳ miễn phí trong vòng 3 năm đầu để giúp chiếc xe duy trì sức bền và tiết kiệm chi phí trong quá trình sử dụng.\r\n<br>\r\nỞ Việt Nam, do điều kiện đường sá bụi bặm và thời tiết khá khắc nghiệt nên khuyến khích chủ xe cần bảo dưỡng xe định kỳ 4 tháng/lần. Trong trường hợp xe đã chạy từ 2.000 - 3.000 km nên thay dầu nhớt hoặc nước làm mát để tăng khả năng bôi trơn, giảm nhiệt và nâng cấp động cơ.\r\n<br>\r\nBên cạnh đó, người dùng cũng nên bảo dưỡng xe tại các đại lý chính hãng, bởi hầu hết các quy trình chăm sóc, bảo dưỡng và sửa chữa được các đại lý kiểm soát chặt chẽ, hoàn toàn yên tâm về quy trình làm việc cũng như trình độ của đội ngũ kỹ thuật viên.', '2021-12-25 20:26:28', NULL, 'PUBLIC', 3, 19),
(42, 'Nữ võ sĩ Việt Nam gây sốc khi giành HCV Giải vô địch Karatedo châu Á 2021', 'nu-vo-si-viet-nam-gay-soc-khi-gianh-hcv-giai-vo-dich-karatedo-chau-a-2021', 'https://icdn.dantri.com.vn/thumb_w/770/2021/12/21/my-tam-1640062155168.jpg', '<b>VĐV Hoàng Thị Mỹ Tâm (hạng cân 55kg) đã xuất sắc đánh bại Namkhao Penpisut (Thái Lan) trong trận chung kết để giành huy chương vàng nữ U21 Giải vô địch Karatedo châu Á 2021.</b><br><br>\r\nGiải vô địch Karatedo châu Á 2021 diễn ra tại Almaty (Kazakhstan) từ ngày 20 đến 22/12. Tham dự giải có sự góp mặt của gần 500 vận động viên đến từ 23 quốc gia và vùng lãnh thổ.\r\n<br>\r\nTrong ngày thi đấu đầu tiên, vận động viên Hoàng Thị Mỹ Tâm (hạng cân 55kg) đã lần lượt đánh bại các đối thủ AlmailAlyazya (UAE) ở vòng đấu đầu tiên và tại bán kết là võ sĩ rất mạnh người Iran BonyaniZahra.\r\n<br>\r\nTại trận chung kết, Mỹ Tâm đã giành chiến thắng trước Namkhao Penpisut (Thái Lan) để mang về tấm huy chương vàng quý giá.<br>õ sĩ Hoàng Thị Mỹ Tâm đang được coi là tương lai của Karate Việt Nam khi từng giành HCV tại giải trẻ châu Á năm 2019, HCV giải vô địch Karatedo Đông Nam Á năm 2018, HCV giải Karatedo Đông Nam Á 2019…\r\n<br>\r\nTấm HCV của Mỹ Tâm giúp đoàn Việt Nam tạm thời vươn lên vị trí thứ 10 toàn đoàn trong số 23 quốc gia tham dự giải đấu.\r\n<br>\r\nĐoàn Karatedo Việt Nam tham dự giải đấu châu Á với 9 võ sĩ gồm Nguyễn Thị Phương (kata), Nguyễn Thị Ngoan, Hoàng Thị Mỹ Tâm, Hồ Thị Thu Hiền (kumite nữ) và Nguyễn Thanh Duy, Đặng Hồng Sơn, Chu Đức Thịnh, Đỗ Thành Nhân (kumite nam) do HLV trưởng Lê Tùng Dương dẫn dắt.', '2021-12-25 20:32:55', NULL, 'PUBLIC', 1, 8),
(43, 'Tạo hình Galaxy S22/ Galaxy S22+ màu Hồng vàng đẹp lung linh', 'tao-hinh-galaxy-s22-galaxy-s22-mau-hong-vang-dep-lung-linh', 'https://cdn.24h.com.vn/upload/4-2021/images/2021-12-24/Tao-hinh-Galaxy-S22--Galaxy-S22--mau-Hong-vang-dep-lung-linh-galaxy-s22-1-1640339845-160-width660height549.jpg', '<b>Sau ảnh kết xuất Galaxy S22 Ultra màu đỏ, ảnh kết xuất Galaxy S22 màu Hồng vàng trẻ trung tiếp tục xuất hiện trên mạng, khuấy đảo fan hâm mộ.</b><br><br>Cho tới thời điểm hiện tại, đã có quá nhiều thông tin rò rỉ và hình ảnh render về Galaxy S22 Ultra sắp ra mắt. Tuy nhiên, cặp Galaxy S22 và Galaxy S22+ ít được chú ý hơn. Giờ đây, nguồn tin LetsGoDigital đã công bố một số kết xuất mới cho Galaxy S22 và Galaxy S22+ với màu Hồng vàng lạ mắt.\r\n<br>\r\nGalaxy S22 và Galaxy S22 + sẽ có màu Hồng vàng\r\n<br>\r\nBáo cáo của LetsGoDigital cho hay, Hồng vàng sẽ là một trong những tùy chọn màu cho cặp Galaxy S22 và Galaxy S22 + thay vì màu Vàng hồng. Ngoài ra, theo báo cáo, cả ba điện thoại Galaxy S22 sẽ có thiết kế mặt lưng kính mờ xịn sò.<br>\r\nMã màu Hồng vàng cho Galaxy S22 sẽ là # E2B9B3, nhìn chung khá tươi trẻ. Phiên bản màu này khi kết hợp với mặt lưng kính mờ sẽ giúp hạn chế bám dấu vân tay và đem lại thiết kế tổng thể rất bắt mắt. Tất nhiên, đây mới chỉ là hình ảnh kết xuất, phía Samsung vẫn chưa đưa ra tuyên bố cụ thể nào.\r\n<br>\r\nNgoài ra, báo cáo trước đó cũng đề cập Galaxy S22 Ultra màu đỏ sẽ được đặt tên là Burgundy. Đây sẽ là một trong những màu ấn tượng nhất của chiếc Galaxy S cỡ lớn.', '2021-12-25 20:38:58', NULL, 'PUBLIC', 2, 19),
(44, 'Jaden Smith chỉ còn \"da bọc xương\" khiến gia đình phải can thiệp', 'jaden-smith-chi-con-da-boc-xuong-khien-gia-dinh-phai-can-thiep', 'https://icdn.dantri.com.vn/thumb_w/770/2021/12/25/jaden-smithnyp-4-1640405070185.jpg', '<b>Nam diễn viên Jaden Smith - con trai tài tử Will Smith - thừa nhận có thời điểm anh này chỉ còn \"da bọc xương\", chán ăn triền miên. Gia đình quá lo lắng nên đã phải can thiệp.</b><br><br>\r\nHiện tại, Jaden Smith đã tăng được gần 5kg kể từ sau khi nỗ lực tăng cân dưới sự theo dõi của bác sĩ và sự quan tâm của gia đình.\r\n\r\nGia đình tài tử Will Smith vốn đề cao sự tự do của các thành viên, những phong cách khác thường mà Jaden Smith từng theo đuổi trước nay chưa từng khiến các thành viên trong gia đình nhà Smith lên tiếng can ngăn, chẳng hạn có giai đoạn Jaden Smith chỉ thích mặc váy.\r\n\r\nNhưng trước hiện tượng Jaden Smith gầy guộc suốt một quãng thời gian đến mức đáng lo ngại và không có dấu hiệu tăng cân trở lại, gia đình đã buộc phải can thiệp.\r\n<br>\r\n\"Tôi đã phải làm việc với bác sĩ, uống một số loại thuốc bổ và thực hiện một chế độ ăn hợp lý hơn\", nam diễn viên 23 tuổi chia sẻ trong cuộc trò chuyện diễn ra trên talkshow trực tuyến do mẹ ruột - nữ diễn viên Jada Pinkett Smith dẫn dắt.\r\n định can thiệp để cảnh báo Jaden về tình trạng sức khỏe hồi năm 2019.\r\n<br>\r\nJaden Smith, con trai của cặp đôi diễn viên Jada Pinkett Smith và Will Smith, đã nỗ lực duy trì cân nặng và luyện tập để tăng cường cơ bắp.\r\n<br>\r\nJaden cho biết có những giai đoạn nam diễn viên này cảm thấy rất khó khăn trong việc ăn uống và cho tới tận bây giờ, thói quen ăn uống vẫn chưa thực sự trở lại bình thường đối với cậu: \"Dù vậy, tôi đã đi được một quãng đường dài so với thời kỳ tôi chỉ có da bọc xương\".\r\n\r\n', '2021-12-25 19:26:15', NULL, 'PUBLIC', 9, 8),
(45, 'Bé gái tiểu học tâng bốc bố lên chín tầng mây rồi bất ngờ quay xe ngoạn mục', 'be-gai-tieu-hoc-tang-boc-bo-len-chin-tang-may-roi-bat-ngo-quay-xe-ngoan-muc', 'https://cdn.24h.com.vn/upload/4-2021/images/2021-12-24/1640321656-16e06a457230b2c5be97a0b5291617e0-width620height826.jpg', '<b>Sau khi nêu hàng loạt ưu điểm của bố thì cô bé lại có cú lật kèo phút cuối khiến dân mạng cười nghiêng ngả.</b><br><br>Thế giới của trẻ nhỏ luôn ẩn giấu những góc nhìn mới lạ không thể đoán trước, khiến người lớn phải ngạc nhiên hết lần này đến lần khác. Những bài tập làm văn của học sinh tiểu học chinh là bằng chứng rõ ràng cho lối suy nghĩ thật thà, ngây ngô và sáng tạo của các em.\r\n<br>\r\nMới đây, cư dân mạng liên tục truyền tay nhau hình ảnh về một bài văn của bé gái tiểu học khi tả về bố. Đập vào mắt người nhìn ban đầu chính là những nét chữ nắn nót, vô cùng sạch đẹp của học sinh này. Thế nhưng khi đọc, nhiều người sẽ giật mình bởi nội dung trong đó vô cùng \"bá đạo\".<br><br>Tác giả của bài văn này viết như sau: \"Bố Tiến của em năm nay 33 tuổi. Bố em là người đàn ông mạnh mẽ nhất, dũng cảm nhất. Bố em có thể bơi qua con sông rộng lớn nhất, trèo lên đỉnh núi cao nhất, giết chết con hổ hung dữ nhất. Nhưng bố em không có thời gian để làm những việc đó, vì bố còn bận rửa bát, trông em. Hết\".\r\n<br>\r\nBài văn sau khi được chia sẻ lên mạng xã hội đã thu về lượt tương tác cực khủng. Ai cũng cho rằng học sinh viết được bài văn trên hẳn phải có trí tưởng tượng phong phú và yêu thích các bộ phim siêu anh hùng.', '2021-12-25 20:57:09', NULL, 'PUBLIC', 8, 19),
(46, 'Mua vàng theo cách này có thể lãi khủng', 'mua-vang-theo-cach-nay-co-the-lai-khung', 'https://cdn.24h.com.vn/upload/4-2021/images/2021-12-25/Mua-vang-theo-cach-nay-co-the-lai-khung-2-1640413566-264-width899height506.jpg', '<b>Mua vàng từ sớm, không đầu tư theo đám đông, không lướt sóng, nhà đầu tư có thể sẽ lãi lớn.</b><br><br>\r\nVàng hiện vẫn duy trì mức giá tăng trưởng khá lạc quan. Theo đó, phiên giao dịch 25-12, giá vàng thế giới đạt 1.810 USD/ounce, tương đương 50,3 triệu đồng/lượng.\r\n\r\nGiá vàng tăng hiện nay nhờ vào mọi người mua sắm vàng vật chất cho ngày lễ hội cuối năm. Các chuyên gia cho rằng xu hướng này sẽ tiếp tục hỗ trợ giá vàng trong thời gian sắp đến.\r\n\r\nÔng Sean Lusk, Giám đốc Quỹ Walsh Trading nhìn nhận, từ góc độ mùa vụ, nhu cầu đối với vàng vật chất là một trợ lực lớn trong việc đẩy giá cao hơn từ giữa tháng 12 đến ngày Lễ tình nhân. Ngoài ra, nhiều yếu tố bất định về kinh tế toàn cầu và địa chính trị cũng giúp vàng duy trì sức mạnh.\r\n\r\n\"Nếu kết thúc năm 2021, vàng lên mức giá 1.850 USD/ounce, thì mục tiêu tiếp theo sẽ là 2.000 USD\", ông Sean Lusk dự báo.\r\n\r\nCông ty tư vấn kim loại quý Metals Focus (Anh) cho biết, sự phục hồi mạnh mẽ của vàng đã được dẫn dắt bởi hoạt động mua sắm lễ hội và đám cưới. Đặc biệt, tại Ấn Độ, nhu cầu này đang bị dồn nén lớn.\r\n\r\nNgoài ra, đại dịch đã củng cố niềm tin của công chúng Ấn Độ vào vàng vì đợt tăng giá trước đó đã giúp nhiều người vượt qua cuộc khủng hoảng. Vàng cũng đã cung cấp một mức độ an toàn, vì có thể dễ dàng được sử dụng làm tài sản thế chấp để đảm bảo các khoản vay.\r\n<br>\r\nTrong năm 2021 giá vàng vẫn gây thất vọng do không đạt mức độ tăng như kỳ vọng. Tuy nhiên, nhiều người vẫn lãi lớn nếu thực hiện mua vàng từ rất sớm.\r\n<br>\r\nTheo Gold Price, người mua vàng và nắm giữ trong 5 năm sẽ lãi 678 USD/ounce, tương đương 19 triệu đồng/lượng.\r\n<br>\r\nCòn nếu mua và nắm giữ trong 20 năm, nhà đầu tư còn lãi lớn hơn lên đến 1.530 USD/ounce, tương đương 42,5 triệu đồng/lượng.', '2021-12-25 20:05:27', NULL, 'PUBLIC', 6, 19),
(47, 'Rau ngót cực lành nhưng \"đại kỵ\" với những người sau', 'rau-ngot-cuc-lanh-nhung-dai-ky-voi-nhung-nguoi-sau', 'https://cdn.24h.com.vn/upload/4-2021/images/2021-12-25/Rau-ngot-cuc-lanh-nhung-1-1640431102-125-width1200height750.jpg', '<b>Rau ngót trong Đông y được ví như một loại thảo dược có ích cho sức khỏe, tuy nhiên không phải ai ăn rau ngót cũng tốt. Khi ăn rau ngót, bạn cần tránh những điều này để không rước họa vào thân.</b><br><br>Rau ngót là loại rau phổ biến, bình dân, giá rẻ mà bạn có thể tìm mua dễ dàng ở các chợ, cửa hàng thực phẩm hay siêu thị. Rau ngót có vị thanh mát, tính hàn, phù hợp với khẩu vị mọi thành viên trong gia đình từ những em bé, người trưởng thành đã đi làm đến những thành viên lớn tuổi hơn.\r\n\r\nKhông chỉ có tác dụng giải nhiệt, lợi tiểu, tiêu viêm, rau ngót còn được coi là bài thuốc dân gian chữa bệnh đau nhức xương khớp, bệnh tươi lưỡi, đái dầm, đau mắt đỏ, trị nám da và là nguyên liệu của những nước uống giải độc…<br><br>\r\n<b>Tuy nhiên những người sau đây ‘đại kỵ’ với rau ngót</b><br><br>\r\nNgười cao tuổi, người hay bị mất ngủ, ăn kém\r\n<br>\r\nRau ngót được nghiên cứu có tác dụng phụ như gây khó ngủ, ăn uống kém đi và khó thở. Theo nghiên cứu, quá trình đun sôi cũng có thể làm giảm những tác động của rau ngót. Người khó ngủ nên tránh ăn rau ngót bởi loại rau này có chứa chất gây mất ngủ, nếu muốn ăn phải ăn loại rau được nấu chín hoàn toàn, không được ăn sống, uống nước ép.\r\n<br>\r\nNgười bị thiếu canxi, còi xương\r\n<br>\r\nRau ngót gây cản trở quá trình hấp thụ canxi, phốt pho. Nguyên nhân là trong loại rau này có chứa glucocorticoid có thể gây cản trở quá trình hấp thụ canxi và phốt pho. Do đó, những đối tượng bị còi xương, thiếu canxi không nên ăn rau ngót nhiều. Tốt nhất mỗi tuần chỉ ăn một lần để bổ sung dưỡng chất cho cơ thể, tránh tác dụng phụ đáng tiếc.\r\n<br>\r\nPhụ nữ mang thai\r\n<br>\r\nTrong rau ngót lại có chứa chất Papaverin là một chất được tìm thấy trong cây thuốc phiện, có tác dụng giãn cơ trơn của mạch máu để giảm đau và hạ huyết áp. Nếu bạn tiêu thụ một lượng rau ngót tươi hơn 30mg có thể làm co thắt tử cung và rất dễ dẫn đến sảy thai.\r\n<br>\r\nVì vậy, đối với những phụ nữ đang mang thai được cảnh báo là khá nguy hiểm nếu ăn quá nhiều rau ngót. Đặc biệt là với những người có tiền sử sảy thai liên tiếp, đẻ non, hay là thụ tinh trong ống nghiệm.\r\n<br>\r\nNgười khó ngủ\r\n<br>\r\nỞ một số trường hợp, do tiêu thụ rau ngót quá nhiều đã xảy ra hiện tượng mất ngủ hoặc khó ngủ. Tuy nhiên triệu chứng mất ngủ sẽ hết sau 1 ngày ngừng ăn loại rau này. Theo các chuyên gia dinh dưỡng, những người già, người có tiền sử bị mất ngủ hay khó ngủ thì tuyệt đối không nên ăn quá nhiều sẽ gây tác dụng phụ không đáng có.', '2021-12-25 20:54:00', NULL, 'PUBLIC', 9, 19),
(48, 'Ca mắc Covid-19 tăng kỷ lục, Quy Nhơn ngừng bán hàng ăn uống tại chỗ', 'ca-mac-covid19-tang-ky-luc-quy-nhon-ngung-ban-hang-an-uong-tai-cho', 'https://icdn.dantri.com.vn/thumb_w/770/2021/12/25/a51634265449538-1640394798744.jpeg', '<b>Từ 12h ngày 25/12, các nhà hàng, quán ăn, kinh doanh dịch vụ ăn uống tại TP Quy Nhơn, tỉnh Bình Định chỉ được bán mang về.</b><br><br>Ngày 25/12, UBND TP Quy Nhơn cho biết đã có thông báo về việc triển khai áp dụng các biện pháp hành chính trong phòng, chống dịch Covid-19 tương ứng với cấp độ dịch trên địa bàn thành phố. <br><br>Theo đó, kể từ 12h ngày 25/12 cho đến khi có thông báo mới, TP Quy Nhơn áp dụng các biện pháp hành chính trong phòng, chống dịch Covid-19 trên địa bàn thành phố (trừ các phường, xã hoặc khu phố, thôn đánh giá cấp độ 4) theo quy định.\r\n\r\nCụ thể, nhà hàng, quán ăn, kinh doanh dịch vụ ăn uống chỉ được bán mang về. Chợ truyền thống chỉ được hoạt động 50% số lượng người bán, mua cùng một thời điểm.\r\n\r\nNgừng hoạt động các cơ sở kinh doanh các dịch vụ có nguy cơ lây nhiễm cao như: Karaoke, massage, internet, trò chơi điện tử, làm đẹp, gym, yoga, aerobic, khiêu vũ, bi-da... Đồng thời, cấm tụ tập 10 người trở lên ngoài công sở, trường học, bệnh viện.\r\n<br>\r\nRiêng các phường xã hoặc khu phố, thôn đánh giá cấp độ 4, tức là vùng nguy cơ rất cao (vùng đỏ) thực hiện triển khai các biện pháp hành chính trong phòng, chống dịch Covid-19 tương ứng với cấp độ dịch (cấp độ 4) theo quy định.\r\n<br>\r\nLãnh đạo TP Quy Nhơn yêu cầu các lực lượng chức năng xử lý nghiêm các cơ sở kinh doanh vi phạm về quy định phòng chống dịch Covid-19.', '2021-12-25 20:49:54', NULL, 'PUBLIC', 5, 8);
INSERT INTO `posts` (`id`, `title`, `slug`, `image`, `content`, `created_at`, `updated_at`, `status`, `category_id`, `accounts_id`) VALUES
(49, 'Đã có người trúng Jackpot 214 tỷ đồng', 'da-co-nguoi-trung-jackpot-214-ty-dong', 'https://znews-photo.zadn.vn/w660/Uploaded/ovhunut/2019_05_27/vietlott_thumb.jpg', '<b>Theo xác định của Vietlott, một tấm vé may mắn đã trúng giải Jackpot 1 của xổ số Power 6/55 trị giá 214 tỷ đồng trong kỳ quay tối 25/12.</b><br><br>\r\nVietlott cho biết Jackpot 1 trị giá 214,13 tỷ đồng đã thuộc về chủ nhân tấm vé mang dãy số 06-08-23-25-33-35. Đây là giải thưởng xổ số có giá trị cao thứ hai trong lịch sử xổ số Việt Nam, chỉ xếp sau giải thưởng hơn 303 tỷ đồng của ông Q., một viên chức ở Hà Nội.\r\n<br>\r\nSau khi thực hiện nghĩa vụ thuế, người chơi may mắn này sẽ nhận về khoản thực lĩnh hơn 192 tỷ đồng. Người chơi có 60 ngày để làm thủ tục lĩnh giải. Sau thời hạn này, giải thưởng 214 tỷ đồng sẽ được hủy bỏ và đưa vào hạng mục doanh thu khác của VIetlott.\r\n<br>\r\nCũng trong kỳ quay tối 25/12, Vietlott ghi nhận có 2 người chơi trúng giải Jackpot 2, chia nhau phần thưởng trị giá gần 2,7 tỷ đồng mỗi người chơi. Sau khi trừ thuế, mỗi người chơi sẽ nhận về hơn 2,3 tỷ đồng thực lĩnh.', '2021-12-26 09:23:07', NULL, 'PUBLIC', 6, 19),
(50, 'iPhone 14 Pro có thể trang bị camera 48 MP', 'iphone-14-pro-co-the-trang-bi-camera-48-mp', 'https://znews-photo.zadn.vn/w660/Uploaded/yqdlcqrwq/2021_12_21/07421122021.png', '<b>Ngoài thiết kế và màn hình, camera trên iPhone 14 Pro có thể được nâng cấp mạnh với độ phân giải 48 MP.</b><br><br>\r\nTheo nhà phân tích Ming-Chi Kuo từ TF International Securities, Apple có kế hoạch trang bị camera độ phân giải 48 MP cho dòng iPhone Pro ra mắt vào năm 2022, tiếp theo là camera tiềm vọng trên thế hệ iPhone 2023.\r\n<br>\r\nTheo Kuo, những nâng cấp dành cho camera của iPhone trong 2 năm tới có thể thúc đẩy thị phần, doanh thu và lợi nhuận của Largan Precision, đối tác cung cấp ống kính camera trên iPhone đến từ Đài Loan.<br><br>CÔNG NGHỆ MOBILE\r\n\r\niPhone 14 Pro có thể trang bị camera 48 MP\r\nPhúc Thịnh Theo MacRumors Thứ tư, 22/12/2021 11:58 (GMT+7)Ngoài thiết kế và màn hình, camera trên iPhone 14 Pro có thể được nâng cấp mạnh với độ phân giải 48 MP.\r\nTheo nhà phân tích Ming-Chi Kuo từ TF International Securities, Apple có kế hoạch trang bị camera độ phân giải 48 MP cho dòng iPhone Pro ra mắt vào năm 2022, tiếp theo là camera tiềm vọng trên thế hệ iPhone 2023.\r\n\r\nTheo Kuo, những nâng cấp dành cho camera của iPhone trong 2 năm tới có thể thúc đẩy thị phần, doanh thu và lợi nhuận của Largan Precision, đối tác cung cấp ống kính camera trên iPhone đến từ Đài Loan.\r\n\r\n\r\niPhone 14 Pro co the trang bi camera 48 MP anh 1\r\niPhone 14 Pro có thể được nâng cấp nhiều chi tiết. Ảnh: MacRumors.\r\nTrước đó, Kuo cho biết camera 48 MP trên iPhone 14 Pro cho khả năng quay video 8K thay vì 4K như hiện nay. Với độ phân giải cao hơn, video 8K sẽ phù hợp để xem trên kính thực tế tăng cường (AR) hoặc thực tế ảo (VR) dự kiến được Apple ra mắt vào năm sau.\r\n\r\nNgoài ra, iPhone 14 Pro có thể hỗ trợ chế độ xuất ảnh độ phân giải 48 MP hoặc 12 MP thông qua tính năng ghép điểm ảnh (pixel binning). Được sử dụng trên một số smartphone Android như Galaxy S21 Ultra, pixel binning cho phép chụp ảnh 48 MP trong điều kiện ánh sáng bình thường và 12 MP nếu ánh sáng yếu để đảm bảo chất lượng.\r\n<br><br>\r\nTiếp theo, Kuo dự đoán ít nhất một mẫu iPhone trong năm 2023 sẽ trang bị camera tiềm vọng cho khả năng zoom quang tốt hơn. Camera này có thể sử dụng ống kính gập (folded optics), trong đó ánh sáng được cảm biến uốn cong hấp thụ, cho phép tăng khả năng zoom quang trong khi vẫn duy trì kích thước nhỏ gọn.\r\n<br>\r\nTheo MacRumors, camera tiềm vọng cũng không phải tính năng quá mới trên smartphone. Trong khi mẫu P40 Pro+ của Huawei hỗ trợ zoom quang 10x nhờ camera tiềm vọng, các mẫu iPhone 13 Pro và 13 Pro Max chỉ hỗ trợ zoom quang tối đa 3x.\r\n<br>\r\nTrước đó, trang tin My Drivers của Trung Quốc cho biết dòng iPhone ra mắt vào năm 2022, tạm gọi là iPhone 14, sẽ có bộ nhớ trong tối đa 2 TB. Con số này cao gấp đôi so với dung lượng lớn nhất trên iPhone 13 Pro và 13 Pro Max (1 TB). Trang này cũng dự đoán dòng iPhone tiếp theo sẽ loại bỏ dải khuyết phía trên màn hình, riêng phiên bản Pro sử dụng vỏ làm bằng titan.', '2021-12-26 09:34:43', NULL, 'PUBLIC', 2, 19),
(51, 'Emma Watson bật khóc trong cuộc hội ngộ với dàn sao \"Harry Potter\"', 'emma-watson-bat-khoc-trong-cuoc-hoi-ngo-voi-dan-sao-harry-potter', 'https://icdn.dantri.com.vn/thumb_w/770/2021/12/18/harry-potterhbo-1639838012403.jpg', '<b><Cuộc hội ngộ rất được chờ đợi của dàn sao phim \"Harry Potter\" vừa tung ra trailer chính thức đầu tiên, trong clip, người xem thấy Emma Watson bật khóc khi gặp lại các bạn diễn năm xưa./b>\r\n<p>\"Cảm giác như thời gian chưa hề đi qua, nhưng kỳ thực nhiều năm tháng đã đi qua\", Emma Watson (vai Hermione Granger) đã nói như vậy ngay đầu đoạn trailer giới thiệu về cuộc hội ngộ của dàn diễn viên \"Harry Potter\" nhân dịp kỷ niệm 20 năm ngày tập phim đầu tiên trong sê-ri ra mắt.\r\n<br>\r\nBa nhân vật chính tham gia cuộc hội ngộ này là ba diễn viên quan trọng hàng đầu của sê-ri, gồm Emma Watson, Daniel Radcliffe và Rupert Grint. Ngoài ra, dàn diễn viên phụ đông đảo cũng cùng góp mặt.\r\n<br>\r\nXuất hiện trong đoạn trailer, nam diễn viên Daniel Radcliffe (vai Harry Potter) nói: \"Điều khiến tôi sợ nhất là ý nghĩ rằng những điều ý nghĩa và đẹp đẽ nhất trong cuộc đời của chúng ta đã đi qua, và rồi bất ngờ xuất hiện niềm vui lớn khi mọi người được gặp lại nhau, và tôi biết rằng những điều tốt đẹp nhất vẫn còn chờ đợi ở phía trước\".\r\n<br>\r\n\"Khi mọi thứ trở nên u ám, khi một quãng đời trở nên khó khăn, có những ký ức từ thời còn tham gia sê-ri \"Harry Potter\" khiến cho cuộc sống của tôi trở nên ý nghĩa hơn\", Emma Watson chia sẻ thêm trong đoạn trailer.\r\n<br>\r\n\"Đó là mối liên hệ gắn bó mà chúng ta sẽ luôn còn mãi\", nam diễn viên Rupert Grint (vai Ron Weasley) nhấn mạnh, sau đó, những người bạn trao nhau cái ôm đầy thân tình và ấm áp. Cuộc hội ngộ này sẽ diễn ra vào ngày đầu năm 2022 và tới với công chúng thông qua một nền tảng trực tuyến.</p>', '2021-12-26 09:38:23', NULL, 'PUBLIC', 9, 19),
(52, 'Nỗ lực muộn của Suzuki XL7 trước Mitsubishi Xpander', 'no-luc-muon-cua-suzuki-xl7-truoc-mitsubishi-xpander', 'https://icdn.dantri.com.vn/thumb_w/770/2021/12/16/doanh-so-xe-mpv-duoi-mot-ty-dong-don-vi-xe-1639626384216.png', '<b>Những tháng gần đây, doanh số Suzuki XL7 liên tục theo sát đối thủ Xpander, song tính lũy kế đến tháng 11 năm nay thì Mitsubishi vẫn bỏ xa tất cả các model còn lại trong phân khúc MPV.</b>\r\n<p>XL7 tiếp tục nuôi mộng rút ngắn khoảng cách với Xpander khi trong tháng 11 Suzuki đã bán được 1.103 xe, còn đối thủ Mitsubishi là 1.447 xe. Kết quả này tăng doanh số lũy kế của Suzuki XL7 lên 4.404 chiếc còn Mitsubishi Xpander là 11.607 chiếc.<br>\r\nCó thể thấy, Xpander tiếp tục thể hiện vị thế áp đảo trong phân khúc MPV tại Việt Nam khi doanh số gấp hơn hai lần đối thủ đứng sau. Thậm chí tổng lượng xe XL7, Rush, Innova, Rondo và Avanza cộng lại cũng chưa bằng \"át chủ bài\" của Mitsubishi. \r\n</p>\r\nCũng cần ghi nhận những cố gắng của Suzuki những tháng gần đây khi doanh số XL7 liên tục bám đối thủ. Thậm chí lúc Xpander \"sảy chân\" vào tháng 9 khi chỉ bán được 238 xe, Suzuki XL7 đã lần đầu tiên vượt lên với doanh số 278 chiếc. Tuy nhiên, những nỗ lực ấy là muộn màng khi gần như chắc chắn XL7 chỉ có thể \"về nhì\" trong năm 2021. ', '2021-12-26 09:42:33', NULL, 'PUBLIC', 3, 8);

--
-- Chỉ mục cho các bảng đã đổ
--

--
-- Chỉ mục cho bảng `accounts`
--
ALTER TABLE `accounts`
  ADD PRIMARY KEY (`id`),
  ADD UNIQUE KEY `username_UNIQUE` (`username`),
  ADD UNIQUE KEY `email_UNIQUE` (`email`);

--
-- Chỉ mục cho bảng `advertisements`
--
ALTER TABLE `advertisements`
  ADD PRIMARY KEY (`id`);

--
-- Chỉ mục cho bảng `categories`
--
ALTER TABLE `categories`
  ADD PRIMARY KEY (`id`);

--
-- Chỉ mục cho bảng `comments`
--
ALTER TABLE `comments`
  ADD PRIMARY KEY (`id`),
  ADD KEY `fk_comments_posts1_idx` (`post_id`),
  ADD KEY `fk_comments_accounts1_idx` (`account_id`);

--
-- Chỉ mục cho bảng `posts`
--
ALTER TABLE `posts`
  ADD PRIMARY KEY (`id`),
  ADD KEY `fk_posts_categories_idx` (`category_id`),
  ADD KEY `fk_posts_accounts1_idx` (`accounts_id`);

--
-- AUTO_INCREMENT cho các bảng đã đổ
--

--
-- AUTO_INCREMENT cho bảng `accounts`
--
ALTER TABLE `accounts`
  MODIFY `id` int(10) UNSIGNED NOT NULL AUTO_INCREMENT, AUTO_INCREMENT=20;

--
-- AUTO_INCREMENT cho bảng `advertisements`
--
ALTER TABLE `advertisements`
  MODIFY `id` int(10) UNSIGNED NOT NULL AUTO_INCREMENT, AUTO_INCREMENT=5;

--
-- AUTO_INCREMENT cho bảng `categories`
--
ALTER TABLE `categories`
  MODIFY `id` int(10) UNSIGNED NOT NULL AUTO_INCREMENT, AUTO_INCREMENT=10;

--
-- AUTO_INCREMENT cho bảng `comments`
--
ALTER TABLE `comments`
  MODIFY `id` int(10) UNSIGNED NOT NULL AUTO_INCREMENT, AUTO_INCREMENT=4;

--
-- AUTO_INCREMENT cho bảng `posts`
--
ALTER TABLE `posts`
  MODIFY `id` int(10) UNSIGNED NOT NULL AUTO_INCREMENT, AUTO_INCREMENT=101;

--
-- Các ràng buộc cho các bảng đã đổ
--

--
-- Các ràng buộc cho bảng `comments`
--
ALTER TABLE `comments`
  ADD CONSTRAINT `fk_comments_accounts1` FOREIGN KEY (`account_id`) REFERENCES `accounts` (`id`),
  ADD CONSTRAINT `fk_comments_posts1` FOREIGN KEY (`post_id`) REFERENCES `posts` (`id`);

--
-- Các ràng buộc cho bảng `posts`
--
ALTER TABLE `posts`
  ADD CONSTRAINT `fk_posts_accounts1` FOREIGN KEY (`accounts_id`) REFERENCES `accounts` (`id`),
  ADD CONSTRAINT `fk_posts_categories` FOREIGN KEY (`category_id`) REFERENCES `categories` (`id`);
COMMIT;

/*!40101 SET CHARACTER_SET_CLIENT=@OLD_CHARACTER_SET_CLIENT */;
/*!40101 SET CHARACTER_SET_RESULTS=@OLD_CHARACTER_SET_RESULTS */;
/*!40101 SET COLLATION_CONNECTION=@OLD_COLLATION_CONNECTION */;
